sample_id,stratum,L,k1,pc,record_excerpt,detected_blocks,gold_blocks_A,gold_blocks_B,adjudicated_blocks,false_positive_blocks,false_negative_blocks,notes
G5-001,root_verbal,233857,samavaskand,"1157,3","<L>233857<pc>1157,3<k1>samavaskand<k2>sam-ava-skand<e>1 <s>sam-ava-√ skand</s> ¦ <ab>Caus.</ab> <s>-skandayati</s>, to attack, assail, <ls>Mn. vii, 196</ls>; <div n=""to""/>to seize upon (<ab>acc.</ab>), <ls>Car.</ls><i...",,F01;F02;F05;F06;F08;F10;F12;F17,F01;F02;F06;F08;F10;F12;F17,F01;F02;F06;F08;F10;F12;F17,,,"F05=no [->B] only <ab>Caus.</ab> (derived-stem morphology, F08 territory) + <info verb=>; no print conjugation-class marker (cl./P./A.); Pass A fired on <info verb=>, which is F17 machine annotation per reviewer rule 3"
G5-002,botanical_bio,44451,karamBa,"255,1","<L>44451<pc>255,1<k1>karamBa<k2>karamBa/<e>1A ¦ of a son of <s1>Śakuni</s1> and father of <s1>Devarāta</s1>, <ls>Hariv.</ls><info lex=""inh""/> <LEND>",,F01;F10;F12;F15;F17,F01;F10;F12;F15;F17,F01;F10;F12;F15;F17,,,
G5-003,botanical_bio,28868.1,indu,"1320,3","<L>28868.1<pc>1320,3<k1>indu<k2>indu<e>1A ¦ the weight of a silver <s1>Pala</s1>, <ls>L.</ls><info n=""sup""/> <LEND>",,F01;F10;F13;F15;F17,F01;F10;F12;F13;F15;F17,F01;F10;F13;F15;F17,,,"F12=no [->A] record's only citation is <ls>L.</ls> hedging the entry -> F13, not F12 (spec reviewer rule 4: 'other <ls> references remain F12')"
G5-004,hedge_ls,181486,lamPa,"897,1","<L>181486<pc>897,1<k1>lamPa<k2>lamPa<e>1 <s>lamPa</s> ¦ <lex>m.</lex> a leap, spring, jump, <ls>L.</ls> (<ab>cf.</ab> <s>Jampa</s>). <info lex=""m""/> <LEND>",,F01;F02;F04;F09;F10;F13;F17,F01;F02;F04;F10;F12;F13;F16;F17,F01;F02;F04;F10;F13;F16;F17,,,"F09=no [->B] cf./see is a cross-reference marker (F16 per paper SS1), not editorial commentary | F12=no [->A] record's only citation is <ls>L.</ls> hedging the entry -> F13, not F12 (spec reviewer rule 4: 'other <ls> references remain F12') | F16=yes [->B] (cf. <s>Jampa</s>) textual cross-reference"
G5-005,hedge_ls,248247,sumaDura,"1230,3","<L>248247<pc>1230,3<k1>sumaDura<k2>su—maDura<e>3B <s>su—maDura</s> ¦ <lex>m.</lex> a kind of potherb, <ls>L.</ls><info lex=""m""/> <LEND>",,F01;F02;F04;F10;F13;F17,F01;F02;F04;F10;F12;F13;F17,F01;F02;F04;F10;F13;F17,,,"F12=no [->A] record's only citation is <ls>L.</ls> hedging the entry -> F13, not F12 (spec reviewer rule 4: 'other <ls> references remain F12')"
G5-006,correction_edge,27214,Avarta,"156,1","<L>27214<pc>156,1<k1>Avarta<k2>A-varta/<e>2 <s>A-varta/</s> ¦ <lex>m.</lex> turning, winding, turning round, revolving, <ls>R.</ls>; <ls>ŚBr.</ls>; <ls>Sāh.</ls>; <ls>Suśr.</ls> <info n=""rev"" pc=""1320,2""/><info lex=""m...",,F01;F02;F04;F10;F12;F17,F01;F02;F04;F10;F12;F17,F01;F02;F04;F10;F12;F17,,,
G5-007,kernel_common,162084,mARa,"806,2","<L>162084<pc>806,2<k1>mARa<k2>mARa<e>1 <s>mARa</s> ¦ <lex>m.</lex> a species of plant (= <s>mARaka</s>), <ls>L.</ls><info lex=""m""/> <LEND>",,F01;F02;F04;F10;F13;F17,F01;F02;F04;F10;F12;F13;F17,F01;F02;F04;F10;F13;F17,,,"F12=no [->A] record's only citation is <ls>L.</ls> hedging the entry -> F13, not F12 (spec reviewer rule 4: 'other <ls> references remain F12')"
G5-008,correction_edge,10878,apvA,"59,3","<L>10878<pc>59,3<k1>apvA<k2>apvA/<e>1 <s>apvA/</s> ¦ (3; <s>a/pvA</s>, <ls>Naigh.</ls>) <lex>f.</lex> ‘Impurity’, <ab>N.</ab> of a deity presiding over evacuation from fright, <ls>RV. x, 103, 12</ls> (<ab>voc.</ab> <s...",,F01;F02;F04;F10;F12;F17,F01;F02;F04;F08;F10;F12;F17,F01;F02;F04;F08;F10;F12;F17,,,"F08=yes [->B] a/pvA (Naigh.), voc. apve, acc. apvA/m - additional <s> span(s) are genuine inflected/conjugated forms of the headword"
G5-009,correction_edge,29662,izwvA,"169,3","<L>29662<pc>169,3<k1>izwvA<k2>izwvA<e>2 <s>izwvA</s> ¦ <ab>ind.p.</ab> having sacrificed or worshipped, <ls>AV.</ls> <info n=""rev"" pc=""1321,1""/> <LEND>",,F01;F02;F10;F12;F17,F01;F02;F10;F12;F17,F01;F02;F10;F12;F17,,,
G5-010,crossref_phw,159566.1,mahAcittva,"795,3","<L>159566.1<pc>795,3<k1>mahAcittva<k2>mahA—cit—tva<e>4 <s>mahA—cit—tva</s> ¦ <lex>n.</lex><info phwparent=""159566,mahAcit""/><info lex=""n""/> <LEND>",,F01;F02;F04;F10;F16;F17,F01;F02;F04;F10;F17,F01;F02;F04;F10;F17,,,F16=no [->B] only <info phwparent/phwchild=> machine relation present -> F17 per reviewer rule 3; no textual cross-ref marker (q.v./cf./id./See)
G5-011,botanical_bio,245453,sukumArA,"1220,2","<L>245453<pc>1220,2<k1>sukumArA<k2>su—kumArA<e>3B <s>su—kumArA</s> ¦ (<s>A</s>), <lex>f.</lex> <bot>Jasminum Sambac</bot> or <bot>Grandiflorum</bot>, <ls>L.</ls><info lex=""f""/> <LEND>",,F01;F02;F04;F10;F13;F14;F17,F01;F02;F04;F08;F10;F12;F13;F14;F17,F01;F02;F04;F08;F10;F13;F14;F17,,,"F08=yes [->B] (<s>A</s>) feminine-stem <s> display inside <lex> (mf(I/A)n. / ifc. f(A).) is genuine inflectional-form info of the headword | F12=no [->A] record's only citation is <ls>L.</ls> hedging the entry -> F13, not F12 (spec reviewer rule 4: 'other <ls> references remain F12')"
G5-012,hedge_ls,217269,Silamba,"1073,1","<L>217269<pc>1073,1<k1>Silamba<k2>Silamba<e>2 <s>Silamba</s> ¦ <lex>m.</lex> a sage, <ls>L.</ls><info lex=""m""/> <LEND>",,F01;F02;F04;F10;F13;F17,F01;F02;F04;F10;F12;F13;F17,F01;F02;F04;F10;F13;F17,,,"F12=no [->A] record's only citation is <ls>L.</ls> hedging the entry -> F13, not F12 (spec reviewer rule 4: 'other <ls> references remain F12')"
G5-013,hedge_ls,115545,padmA,"584,2","<L>115545<pc>584,2<k1>padmA<k2>padmA<e>1B ¦ of a female serpent-demon (= the goddess <s1>Manasā</s1>, wife of the sage <s1>Jarat-kāru</s1>; <ab>cf.</ab> <s>padma-priyA</s>), <ls>L.</ls><info lex=""inh""/> <LEND>",,F01;F09;F10;F13;F15;F17,F01;F10;F12;F13;F15;F16;F17,F01;F10;F13;F15;F16;F17,,,"F09=no [->B] parenthetical identifies the referent (encyclopedic gloss); the cf. inside it is F16 | F12=no [->A] record's only citation is <ls>L.</ls> hedging the entry -> F13, not F12 (spec reviewer rule 4: 'other <ls> references remain F12') | F16=yes [->B] (cf. <s>padma-priyA</s>) textual cross-reference"
G5-014,botanical_bio,185165,vaYjula,"914,2","<L>185165<pc>914,2<k1>vaYjula<k2>vaYjula<e>1 <s>vaYjula</s> ¦ <lex>m.</lex> <ab>N.</ab> of various trees and other plants (<ab>accord.</ab> to <ls>L.</ls> <bot>Dalbergia Ougeinensis</bot>, <bot>Jonesia Asoka</bot>, <b...",,F01;F02;F04;F10;F12;F13;F14;F17,F01;F02;F04;F09;F10;F12;F13;F14;F17,F01;F02;F04;F09;F10;F12;F13;F14;F17,,,"F09=yes [->B] (accord. to L. ...) reports an attributed, uncertain identification - editorial commentary"
G5-015,kernel_common,101539,DUpita,"518,1","<L>101539<pc>518,1<k1>DUpita<k2>DUpita<e>3 <s>DU˚pita</s> ¦ <lex>mfn.</lex> incensed, perfumed, <ls>MBh.</ls>; <ls>R.</ls><info lex=""m:f:n""/> <LEND>",,F01;F02;F04;F10;F12;F17,F01;F02;F04;F10;F12;F17,F01;F02;F04;F10;F12;F17,,,
G5-016,crossref_phw,198175,vibarha,"977,1","<L>198175<pc>977,1<k1>vibarha<k2>vi-barha<h>2<e>2 <hom>2.</hom> <s>vi-barha</s> ¦ <lex>m.</lex> (for <hom>1.</hom> See <pcol>p. 951, col. 2</pcol>) scattering, dispersing (in <s>a-v˚</s>), <ls>ŚāṅkhBr.</ls><info lex=""...",,F01;F02;F03;F04;F10;F12;F16;F17,F01;F02;F03;F04;F08;F10;F12;F16;F17,F01;F02;F03;F04;F08;F10;F12;F16;F17,,,"F08=yes [->B] (in <s>a-v0</s>) gives the attested compound shape of the lemma - borderline, ruled a form block"
G5-017,botanical_bio,179394,reRumat,"887,2","<L>179394<pc>887,2<k1>reRumat<k2>reRu—mat<e>3 <s>reRu—mat</s> ¦ <lex>m.</lex> <ab>N.</ab> of a son of <s1>Viśvāmitra</s1> by <s1>Reṇu</s1>, <ls>Hariv.</ls><info lex=""m""/> <LEND>",,F01;F02;F04;F10;F12;F15;F17,F01;F02;F04;F10;F12;F15;F17,F01;F02;F04;F10;F12;F15;F17,,,
G5-018,random_residual,164693.2,mImAMsArTasaMgraha,"819,1","<L>164693.2<pc>819,1<k1>mImAMsArTasaMgraha<k2>mImAMsA—rTa—saMgraha<e>4 <s>mImA<srs/>MsA<srs/>—˚rTa—saMgraha</s> ¦ <lex>m.</lex> <ab>N.</ab> of <ab>wk.</ab><info lex=""m""/> <LEND>",,F01;F02;F04;F10;F17,F01;F02;F04;F10;F17,F01;F02;F04;F10;F17,,,
G5-019,correction_edge,19441,aSizWa,"112,3","<L>19441<pc>112,3<k1>aSizWa<k2>a/-SizWa<e>2 <s>a/-SizWa</s> ¦ <lex>mfn.</lex> (<ab>superl.</ab>) ‘eating most’ (as an equivalent for <s>aSItama</s>), <ls>ŚBr.</ls> <info n=""rev"" pc=""1317,3""/><info lex=""m:f:n""/><info h...",,F01;F02;F04;F10;F12;F17,F01;F02;F04;F10;F12;F17,F01;F02;F04;F10;F12;F17,,,
G5-020,botanical_bio,264842,hlAdinI,"1307,3","<L>264842<pc>1307,3<k1>hlAdinI<k2>hlAdinI<e>2B ¦ <s1>Indra</s1>'s thunderbolt, <ls>L.</ls><info lex=""inh""/> <LEND>",,F01;F10;F13;F15;F17,F01;F10;F12;F13;F15;F17,F01;F10;F13;F15;F17,,,"F12=no [->A] record's only citation is <ls>L.</ls> hedging the entry -> F13, not F12 (spec reviewer rule 4: 'other <ls> references remain F12')"
G5-021,botanical_bio,101363,DIrozRin,"517,1","<L>101363<pc>517,1<k1>DIrozRin<k2>DIrozRin<e>3 <s>DIro<srs/>zRin</s> ¦ <lex>m.</lex> ‘brave and fiery’, <ab>N.</ab> of one of the <s1>Viśve</s1> <s1>Devā</s1>s, <ls>MBh.</ls><info lex=""m""/> <LEND>",,F01;F02;F04;F10;F12;F15;F17,F01;F02;F04;F10;F12;F15;F17,F01;F02;F04;F10;F12;F15;F17,,,
G5-022,random_residual,55994,keSaveza,"310,2","<L>55994<pc>310,2<k1>keSaveza<k2>keSa—veza<e>3 <s>keSa—veza</s> ¦ <lex>m.</lex> (<ls>Pāṇ. iv, 1, 42</ls>) a tress of hair, <ls>ĀśvGṛ.</ls><info lex=""m""/> <LEND>",,F01;F02;F04;F10;F12;F17,F01;F02;F04;F10;F12;F17,F01;F02;F04;F10;F12;F17,,,
G5-023,root_verbal,214487,SaSIBU,"1060,2","<L>214487<pc>1060,2<k1>SaSIBU<k2>SaSI—BU<e>3 <s>SaSI—√ BU</s> ¦ <ab>P.</ab> <s>-Bavati</s>, to become a hare, <ls>Hariv.</ls><info verb=""gati"" cp=""P"" parse=""SaSI+BU""/> <LEND>",,F01;F02;F05;F06;F10;F12;F17,F01;F02;F05;F06;F08;F10;F12;F17,F01;F02;F05;F06;F08;F10;F12;F17,,,F08=yes [->B] -Bavati: additional <s> span(s) are genuine inflected/conjugated forms of the headword
G5-024,random_residual,214342,SaSaSimbikA,"1060,1","<L>214342<pc>1060,1<k1>SaSaSimbikA<k2>SaSa—SimbikA<e>3 <s>SaSa—SimbikA</s> ¦ <lex>f.</lex> a <ab>partic.</ab> plant, <ls>L.</ls><info lex=""f""/> <LEND>",,F01;F02;F04;F10;F13;F17,F01;F02;F04;F10;F12;F13;F17,F01;F02;F04;F10;F13;F17,,,"F12=no [->A] record's only citation is <ls>L.</ls> hedging the entry -> F13, not F12 (spec reviewer rule 4: 'other <ls> references remain F12')"
G5-025,botanical_bio,158306,marut,"790,2","<L>158306<pc>790,2<k1>marut<k2>maru/t<e>1A ¦ <ab>N.</ab> of a <s1>Sādhya</s1>, <ls>Hariv.</ls><info lex=""inh""/> <LEND>",,F01;F10;F12;F15;F17,F01;F10;F12;F15;F17,F01;F10;F12;F15;F17,,,
G5-026,crossref_phw,144201.1,bahizpatnIsaMyAjatva,"727,1","<L>144201.1<pc>727,1<k1>bahizpatnIsaMyAjatva<k2>bahiz—patnI-saMyAja—tva<e>4 <s>bahiz—patnI-saMyAja—tva</s> ¦ <lex>n.</lex><info phwparent=""144201,bahizpatnIsaMyAja""/><info lex=""n""/> <LEND>",,F01;F02;F04;F10;F16;F17,F01;F02;F04;F10;F17,F01;F02;F04;F10;F17,,,F16=no [->B] only <info phwparent/phwchild=> machine relation present -> F17 per reviewer rule 3; no textual cross-ref marker (q.v./cf./id./See)
G5-027,random_residual,166220,mUtrapratiGAta,"825,3","<L>166220<pc>825,3<k1>mUtrapratiGAta<k2>mUtra—pratiGAta<e>3 <s>mUtra—pratiGAta</s> ¦ <lex>m.</lex> = <s>-niroDa</s>, <ls>Suśr.</ls><info lex=""m""/> <LEND>",,F01;F02;F04;F10;F12;F17,F01;F02;F04;F10;F12;F17,F01;F02;F04;F10;F12;F17,,,
G5-028,botanical_bio,15085,araRyadvAdaSI,"86,3","<L>15085<pc>86,3<k1>araRyadvAdaSI<k2>araRya—dvAdaSI<e>3 <s>araRya—dvAdaSI</s> ¦ <lex>f.</lex> the twelfth day of the month <s1>Mārgaśīrṣa</s1><info lex=""f""/> <LEND>",,F01;F02;F04;F10;F15;F17,F01;F02;F04;F10;F15;F17,F01;F02;F04;F10;F15;F17,,,
G5-029,continuation,257776,sva,"1275,1","<L>257776<pc>1275,1<k1>sva<k2>sva/<e>1B ¦ a man of one's own people or tribe, a kinsman, relative, relation, friend (<s>svAH</s>, ‘one's own relations’, ‘one's own people’), <ls>AV.</ls> &c. &c.<info lex=""inh""/> <LEND>",,F01;F10;F12;F17,F01;F08;F10;F12;F17,F01;F08;F10;F12;F17,,,F08=yes [->B] svAH nom. pl. quoted with its own gloss - additional <s> span(s) are genuine inflected/conjugated forms of the headword
G5-030,hedge_ls,222140,SyAmalikA,"1094,3","<L>222140<pc>1094,3<k1>SyAmalikA<k2>SyAmalikA<e>2B <s>SyAmalikA</s> ¦ (<s>ikA</s>), <lex>f.</lex> the indigo plant, <ls>L.</ls><info lex=""f""/> <LEND>",,F01;F02;F04;F10;F13;F17,F01;F02;F04;F08;F10;F12;F13;F17,F01;F02;F04;F08;F10;F13;F17,,,"F08=yes [->B] (<s>ikA</s>) feminine-stem <s> display inside <lex> (mf(I/A)n. / ifc. f(A).) is genuine inflectional-form info of the headword | F12=no [->A] record's only citation is <ls>L.</ls> hedging the entry -> F13, not F12 (spec reviewer rule 4: 'other <ls> references remain F12')"
G5-031,kernel_common,70642,cakzaRa,"382,1","<L>70642<pc>382,1<k1>cakzaRa<k2>ca/kzaRa<e>2 <s>ca/kzaRa</s> ¦ <lex>n.</lex> appearing, appearance, aspect, <ls>RV.</ls>; <ls>AV.</ls><info lex=""n""/> <LEND>",,F01;F02;F04;F10;F12;F17,F01;F02;F04;F10;F12;F17,F01;F02;F04;F10;F12;F17,,,
G5-032,random_residual,114256,paYjikA,"578,3","<L>114256<pc>578,3<k1>paYjikA<k2>paYjikA<e>2 <s>paYjikA</s> ¦ <lex>f.</lex> = <s>paYjI</s> or <s>paYji</s>, <ls>L.</ls><info lex=""f""/> <LEND>",,F01;F02;F04;F10;F13;F17,F01;F02;F04;F10;F12;F13;F17,F01;F02;F04;F10;F13;F17,,,"F12=no [->A] record's only citation is <ls>L.</ls> hedging the entry -> F13, not F12 (spec reviewer rule 4: 'other <ls> references remain F12')"
G5-033,crossref_phw,73483,cikitu,"395,2","<L>73483<pc>395,2<k1>cikitu<k2>cikitu/<e>2 <s>cikitu/</s> ¦ <lex>mfn.</lex> <ab>id.</ab>, <ls>RV. viii, 55, 5</ls> (<s>ci/kiti</s>, <ls>SV.</ls>)<info lex=""m:f:n""/> <LEND>",,F01;F02;F04;F10;F12;F16;F17,F01;F02;F04;F08;F10;F12;F16;F17,F01;F02;F04;F08;F10;F12;F16;F17,,,F08=yes [->B] ci/kiti is the SV variant form of the headword
G5-034,root_verbal,137874,prasAdIkf,"697,1","<L>137874<pc>697,1<k1>prasAdIkf<k2>pra-sAdI-kf<e>3 <s>pra-˚sAdI-√ kf</s> ¦ to bestow as a mark of favour, bestow graciously, present (with <ab>gen.</ab> of person), <ls>Pañcat.</ls>; <ls>Kād.</ls>; <ls>Rājat.</ls> &c....",,F01;F02;F05;F06;F10;F12;F17,F01;F02;F06;F10;F12;F17,F01;F02;F06;F10;F12;F17,,,"F05=no [->B] no print conjugation-class marker (cl./P./A.); Pass A fired on <info verb=>, which is F17 machine annotation per reviewer rule 3"
G5-035,hedge_ls,29313,iBamAcala,"167,3","<L>29313<pc>167,3<k1>iBamAcala<k2>iBa—m-Acala<e>3 <s>iBa—˚m-Acala</s> ¦ (<s>iBam-Acala</s>) <lex>m.</lex> a lion, <ls>L.</ls><info lex=""m""/> <LEND>",,F01;F02;F04;F10;F13;F17,F01;F02;F04;F08;F10;F12;F13;F17,F01;F02;F04;F08;F10;F13;F17,,,"F08=yes [->B] (iBam-Acala) sandhi-resolved full form of the headword - a form display | F12=no [->A] record's only citation is <ls>L.</ls> hedging the entry -> F13, not F12 (spec reviewer rule 4: 'other <ls> references remain F12')"
G5-036,kernel_common,202092,vizayEzin,"997,2","<L>202092<pc>997,2<k1>vizayEzin<k2>vizayEzin<e>3 <s>vizayE<srs/>zin</s> ¦ <lex>mfn.</lex> addicted to <ab n=""sensual"">s˚</ab> <ab n=""pleasures"">pl˚</ab>, devoted to worldly pursuits, <ls>L.</ls><info lex=""m:f:n""/> <LEND>",,F01;F02;F04;F10;F13;F17,F01;F02;F04;F10;F12;F13;F17,F01;F02;F04;F10;F13;F17,,,"F12=no [->A] record's only citation is <ls>L.</ls> hedging the entry -> F13, not F12 (spec reviewer rule 4: 'other <ls> references remain F12')"
G5-037,random_residual,7221,anuvAda,"38,2","<L>7221<pc>38,2<k1>anuvAda<k2>anu-vAda<e>2A ¦ confirmation, <ls>Nir.</ls><info lex=""inh""/> <LEND>",,F01;F10;F12;F17,F01;F10;F12;F17,F01;F10;F12;F17,,,
G5-038,root_verbal,18415,avaspf,"106,1","<L>18415<pc>106,1<k1>avaspf<k2>ava-spf<e>1 <s>ava-√ spf</s> ¦ (<ab>aor.</ab> <ab>Subj.</ab> <s>-spa/rat</s>, 2. <ab>sg.</ab> <s>-spar</s>, <ab>Imper.</ab> 2. <ab>sg.</ab> <s>-spfDi</s> and 2. <ab>du.</ab> <s>-spftam</...",,F01;F02;F05;F06;F10;F12;F17,F01;F02;F06;F08;F10;F12;F17,F01;F02;F06;F08;F10;F12;F17,,,"F05=no [->B] aor./Subj./Imper. labels mark inflected FORMS (F08), not a conjugation class; no print conjugation-class marker (cl./P./A.); Pass A fired on <info verb=>, which is F17 machine annotation per reviewer rule 3 | F08=yes [->B] -spa/rat, -spar, -spfDi, -spftam: additional <s> span(s) are genuine inflected/conjugated forms of the headword"
G5-039,kernel_common,8384,antyaka,"44,3","<L>8384<pc>44,3<k1>antyaka<k2>antyaka<e>2 <s>antyaka</s> ¦ <lex>m.</lex> a man of the lowest tribe, <ls>L.</ls><info lex=""m""/> <LEND>",,F01;F02;F04;F10;F13;F17,F01;F02;F04;F10;F12;F13;F17,F01;F02;F04;F10;F13;F17,,,"F12=no [->A] record's only citation is <ls>L.</ls> hedging the entry -> F13, not F12 (spec reviewer rule 4: 'other <ls> references remain F12')"
G5-040,hedge_ls,9618,aparokzaya,"51,3","<L>9618<pc>51,3<k1>aparokzaya<k2>aparokzaya<e>2 <s>aparokzaya</s> ¦ <ab>Nom.</ab> <ab>P.</ab> <s>˚yati</s>, to make perceptible, <ls>L.</ls>; <div n=""to""/>to take a view of (<ab>acc.</ab>), <ls>MBh.</ls><info verb=""no...",,F01;F02;F05;F10;F12;F13;F17,F01;F02;F05;F08;F10;F12;F13;F17,F01;F02;F05;F08;F10;F12;F13;F17,,,F08=yes [->B] 0yati Nom. present: additional <s> span(s) are genuine inflected/conjugated forms of the headword
G5-041,botanical_bio,2134,ajitavikrama,"10,2","<L>2134<pc>10,2<k1>ajitavikrama<k2>a-jita—vikrama<e>3 <s>a-jita—vikrama</s> ¦ <lex>m.</lex> ‘having invincible power’, <ab>N.</ab> of king <s1>Candragupta</s1> the second.<info lex=""m""/> <LEND>",,F01;F02;F04;F10;F15;F17,F01;F02;F04;F10;F15;F17,F01;F02;F04;F10;F15;F17,,,
G5-042,correction_edge,231161,sanizyada,"1141,3","<L>231161<pc>1141,3<k1>sanizyada<k2>sa—nizyada/<e>3 <s>sa—nizyada/</s> ¦ see <s>sanizyada/</s> under √ <s>syand</s>, <ab>p.</ab> 1273 <info n=""rev"" pc=""1332,3""/><info hui=""a""/> <LEND>",,F01;F02;F06;F10;F17,F01;F02;F06;F10;F16;F17,F01;F02;F06;F10;F16;F17,,,F16=yes [->B] 'see sanizyada/ under root syand' explicit see-reference
G5-043,continuation,93365,duHsADya,"483,1","<L>93365<pc>483,1<k1>duHsADya<k2>duH—sADya<e>3A ¦ difficult to be managed or dealt with, <ls>Pañc. i, 228/259</ls> difficult to be reconciled, <ls>Bhartṛ. i, 49</ls><info lex=""inh""/> <LEND>",,F01;F10;F12;F17,F01;F10;F12;F17,F01;F10;F12;F17,,,
G5-044,hedge_ls,185387,vatU,"915,3","<L>185387<pc>915,3<k1>vatU<k2>vatU<e>1B <s>vatU</s> ¦ <lex>m.</lex> (only <ls>L.</ls>) one who speaks the truth<info lex=""m""/> <LEND>",,F01;F02;F04;F10;F13;F17,F01;F02;F04;F10;F12;F13;F17,F01;F02;F04;F10;F13;F17,,,"F12=no [->A] record's only citation is <ls>L.</ls> hedging the entry -> F13, not F12 (spec reviewer rule 4: 'other <ls> references remain F12')"
G5-045,random_residual,72807,cAtaki,"392,1","<L>72807<pc>392,1<k1>cAtaki<k2>cAtaki<e>2 <s>cAtaki</s> ¦ <lex>m.</lex> <ab>N.</ab> of a man, <ls>MatsyaP. cxciv, 23.</ls><info lex=""m""/> <LEND>",,F01;F02;F04;F10;F12;F17,F01;F02;F04;F10;F12;F17,F01;F02;F04;F10;F12;F17,,,
G5-046,kernel_common,4241.1,aDigopam,"1310,2","<L>4241.1<pc>1310,2<k1>aDigopam<k2>aDigopam<e>1 <s>aDigopam</s> ¦ <lex>ind.</lex> on a cowherd, <ls>Laghuk. 970</ls>.<info n=""sup""/><info lex=""ind""/> <LEND>",,F01;F02;F04;F10;F12;F17,F01;F02;F04;F10;F12;F17,F01;F02;F04;F10;F12;F17,,,
G5-047,continuation,18016,avalamba,"103,2","<L>18016<pc>103,2<k1>avalamba<k2>ava-lamba<e>2B ¦ depending, resting upon, <ls>L.</ls><info lex=""inh""/> <LEND>",,F01;F10;F13;F17,F01;F10;F12;F13;F17,F01;F10;F13;F17,,,"F12=no [->A] record's only citation is <ls>L.</ls> hedging the entry -> F13, not F12 (spec reviewer rule 4: 'other <ls> references remain F12')"
G5-048,correction_edge,25395,Am,"146,1","<L>25395<pc>146,1<k1>Am<k2>A/m<e>1 <s>A/m</s> ¦ <lex>ind.</lex> an interjection of assent or recollection, <ls>MaitrS.</ls>; <ls>Mṛcch.</ls>; <ls>Śak.</ls>; <ls>Vikr.</ls> &c. <info n=""rev"" pc=""1319,3""/><info lex=""ind...",,F01;F02;F04;F10;F12;F17,F01;F02;F04;F10;F12;F17,F01;F02;F04;F10;F12;F17,,,
G5-049,root_verbal,109365,nirIkz,"553,3","<L>109365<pc>553,3<k1>nirIkz<k2>nir-Ikz<e>1 <s>nir-√ Ikz</s> ¦ <ab>Ā.</ab> <s>-Ikzate</s> (<s>˚ti</s>), to look at or towards, behold, regard, observe (also the stars), perceive, <ls>Var.</ls>; <ls>MBh.</ls>; <ls>Kāv....",,F01;F02;F05;F06;F10;F12;F17,F01;F02;F05;F06;F08;F10;F12;F17,F01;F02;F05;F06;F08;F10;F12;F17,,,F08=yes [->B] -Ikzate (0ti): additional <s> span(s) are genuine inflected/conjugated forms of the headword
G5-050,crossref_phw,195332,vijYeya,"961,2","<L>195332<pc>961,2<k1>vijYeya<k2>vi-jYe/ya<e>2A ¦ to be recognized or considered or regarded as (<s>-tva</s> <lex type=""phw"">n.</lex>), <ls>TPrāt.</ls>; <ls>Up.</ls>; <ls>MBh.</ls> &c.<info phwchild=""195332.1""/><info ...",,F01;F04;F10;F12;F16;F17,F01;F04;F10;F12;F17,F01;F04;F10;F12;F17,,,"F16=no [->B] inline (-X <lex type=""phw"">) is a sub-headword display, not a cross-reference; the phw graph attr is F17"
G5-051,kernel_common,207822,vESezika,"1026,2","<L>207822<pc>1026,2<k1>vESezika<k2>vESezika<e>1 <s>vESezika</s> ¦ <lex>mf(<s>I</s>)n.</lex> (<ab>fr.</ab> <s>vi-Seza</s>, <ab>p.</ab> 990) special, peculiar, specific, characteristic, <ls>Āpast.</ls>; <ls>Suśr.</ls>; ...",,F01;F02;F04;F09;F10;F12;F17,F01;F02;F04;F06;F08;F10;F12;F17,F01;F02;F04;F06;F08;F10;F12;F17,,,"F06=yes [->B] <ab>fr.</ab> vi-Seza is the paper's own listed F06 marker; Pass A's rule omitted fr. | F08=yes [->B] mf(<s>I</s>)n.: feminine-stem <s> display inside <lex> (mf(I/A)n. / ifc. f(A).) is genuine inflectional-form info of the headword | F09=no [->B] (fr. vi-Seza) is an etymology marker (F06), not commentary"
G5-052,random_residual,5475,anAcArin,"27,3","<L>5475<pc>27,3<k1>anAcArin<k2>anAcArin<e>2 <s>anAcArin</s> ¦ <lex>mfn.</lex> not acting properly.<info lex=""m:f:n""/> <LEND>",,F01;F02;F04;F10;F17,F01;F02;F04;F10;F17,F01;F02;F04;F10;F17,,,
G5-053,random_residual,242051,sAMnAyya,"1203,3","<L>242051<pc>1203,3<k1>sAMnAyya<k2>sAMnAyya/<e>1 <s>sAMnAyya/</s> ¦ <lex>n.</lex> (<ab>fr.</ab> <s>saM-√ nI</s>) any substance mixed with clarified butter &c. and offered as a burnt offering or oblation, (<ab>esp.</ab...",,F01;F02;F04;F06;F09;F10;F12;F15;F17,F01;F02;F04;F06;F09;F10;F12;F15;F17,F01;F02;F04;F06;F09;F10;F12;F15;F17,,,
G5-054,kernel_common,222530,SravaRavizayaprApin,"1096,3","<L>222530<pc>1096,3<k1>SravaRavizayaprApin<k2>SravaRa—vizaya—prApin<e>4 <s>SravaRa—vizaya—prA<srs/>pin</s> ¦ <lex>mfn.</lex> reaching the range of the ear, <ls>Ragh.</ls><info lex=""m:f:n""/> <LEND>",,F01;F02;F04;F10;F12;F17,F01;F02;F04;F10;F12;F17,F01;F02;F04;F10;F12;F17,,,
G5-055,kernel_common,9759.2,apavipad,"1314,2","<L>9759.2<pc>1314,2<k1>apavipad<k2>apa-vipad<e>1 <s>apa-vipad</s> ¦ <lex>mfn.</lex> free from misfortune or calamity, <ls>Nalac.</ls><info n=""sup""/><info lex=""m:f:n""/> <LEND>",,F01;F02;F04;F10;F12;F17,F01;F02;F04;F10;F12;F17,F01;F02;F04;F10;F12;F17,,,
G5-056,root_verbal,236841,samBaj,"1178,2","<L>236841<pc>1178,2<k1>samBaj<k2>sam-Baj<e>1 <s>sam-√ Baj</s> ¦ <ab>P.</ab> <ab>Ā.</ab> <s>-Bajati</s>, <s>˚te</s>, to distribute completely, share, bestow, grant, <ls>Sāy.</ls>; <div n=""to""/> (<ab>Ā.</ab>) to cause t...",,F01;F02;F05;F06;F10;F12;F17,F01;F02;F05;F06;F08;F10;F12;F17,F01;F02;F05;F06;F08;F10;F12;F17,,,"F08=yes [->B] -Bajati, 0te: additional <s> span(s) are genuine inflected/conjugated forms of the headword"
G5-057,kernel_common,157559,manTadaRqa,"787,2","<L>157559<pc>787,2<k1>manTadaRqa<k2>manTa—daRqa<e>3 <s>manTa—daRqa</s> ¦ <lex>m.</lex> (<ls>Pañcar.</ls>) a <ab n=""churning"">ch˚</ab>-stick<info lex=""m""/> <LEND>",,F01;F02;F04;F10;F12;F17,F01;F02;F04;F10;F12;F17,F01;F02;F04;F10;F12;F17,,,
G5-058,random_residual,201547.1,viSvAmitrakalpataru,"995,1","<L>201547.1<pc>995,1<k1>viSvAmitrakalpataru<k2>viSvA-mitra—kalpa-taru<e>3 <s>viSvA-mitra—kal˚pa-taru</s> ¦ <lex>m.</lex> <ab>N.</ab> of <ab>wk.</ab><info lex=""m""/> <LEND>",,F01;F02;F04;F10;F17,F01;F02;F04;F10;F17,F01;F02;F04;F10;F17,,,
G5-059,botanical_bio,244647,sidDAntAcAra,"1216,2","<L>244647<pc>1216,2<k1>sidDAntAcAra<k2>sidDAntAcAra<e>3A ¦ one who practises this rule (said to consist in purity, quietism, and mental absorption in <s1>Durgā</s1>), <ls>ib.</ls><info lex=""inh""/> <LEND>",,F01;F10;F12;F15;F17,F01;F09;F10;F12;F15;F17,F01;F09;F10;F12;F15;F17,,,F09=yes [->B] (said to consist in ...) hedged attributed description - editorial commentary
G5-060,continuation,1698.1,aNgirasvat,"8,2","<L>1698.1<pc>8,2<k1>aNgirasvat<k2>a/Ngiras—vat<e>3B <s>a/Ngiras—vat</s> ¦ <lex>mfn.</lex> connected with or accompanied by the <s1>Aṅgirasa</s1>s, <ls>RV.</ls>; <ls>VS.</ls><info lex=""m:f:n""/> <LEND>",,F01;F02;F04;F10;F12;F15;F17,F01;F02;F04;F10;F12;F15;F17,F01;F02;F04;F10;F12;F15;F17,,,
G5-061,root_verbal,9393,apamyakz,"50,2","<L>9393<pc>50,2<k1>apamyakz<k2>apa-myakz<e>1 <s>apa-√ myakz</s> ¦ (<ab>Imper.</ab> 2. <ab>sg.</ab> <s>-myakza</s>) to keep off from (<ab>abl.</ab>), <ls>RV. ii, 28, 6.</ls><info verb=""pre"" cp="""" parse=""apa+myakz""/> <L...",,F01;F02;F05;F06;F10;F12;F17,F01;F02;F06;F08;F10;F12;F17,F01;F02;F06;F08;F10;F12;F17,,,"F05=no [->B] Imper. 2 sg. labels an inflected form, not a class; no print conjugation-class marker (cl./P./A.); Pass A fired on <info verb=>, which is F17 machine annotation per reviewer rule 3 | F08=yes [->B] -myakza Imper.: additional <s> span(s) are genuine inflected/conjugated forms of the headword"
G5-062,hedge_ls,110792,nizka,"562,2","<L>110792<pc>562,2<k1>nizka<k2>nizka/<e>2A ¦ a golden vessel, <ls>L.</ls><info lex=""inh""/> <LEND>",,F01;F10;F13;F17,F01;F10;F12;F13;F17,F01;F10;F13;F17,,,"F12=no [->A] record's only citation is <ls>L.</ls> hedging the entry -> F13, not F12 (spec reviewer rule 4: 'other <ls> references remain F12')"
G5-063,root_verbal,204858,vfz,"1011,3","<L>204858<pc>1011,3<k1>vfz<k2>vfz<e>1 <s>vfz</s> ¦ <ab>cl.</ab> 1. <ab>P.</ab> (<ls>Dhātup. xvii, 56</ls>) <s>va/rzati</s> (<lang>ep.</lang> also <ab>Ā.</ab> <s>varzate</s> and <lang>Ved.</lang> <s>vfzate</s>; <ab>pf....",,F01;F02;F03;F05;F06;F07;F08;F09;F10;F12;F15;F17,F01;F02;F03;F05;F06;F07;F08;F09;F10;F12;F16;F17,F01;F02;F03;F05;F06;F07;F08;F09;F10;F12;F15;F16;F17,,,F15=yes [->A] <s1>Parjanya/Indra</s1> proper-name markup present; F15's formal marker is <bio>/<s1> - kept consistent with G5-084/138/143 (B's semantic narrowing rejected for marker consistency) | F16=yes [->B] [For cognates See under varzA and 1. vfza] + cf. - textual cross-references
G5-064,hedge_ls,59801,kzIrAhva,"330,1","<L>59801<pc>330,1<k1>kzIrAhva<k2>kzIrAhva<e>3 <s>kzIrA<srs/>hva</s> ¦ <lex>m.</lex> = <s>˚ra-SIrza</s>, <ls>L.</ls><info lex=""m""/> <LEND>",,F01;F02;F04;F10;F13;F17,F01;F02;F04;F10;F12;F13;F17,F01;F02;F04;F10;F13;F17,,,"F12=no [->A] record's only citation is <ls>L.</ls> hedging the entry -> F13, not F12 (spec reviewer rule 4: 'other <ls> references remain F12')"
G5-065,botanical_bio,255769,sTirapuzpa,"1264,3","<L>255769<pc>1264,3<k1>sTirapuzpa<k2>sTira—puzpa<e>3 <s>sTira—puzpa</s> ¦ <lex>m.</lex> ‘having firm flowers’, <bot>Michelia Champaca</bot>, <ls>L.</ls><info lex=""m""/> <LEND>",,F01;F02;F04;F10;F13;F14;F17,F01;F02;F04;F10;F12;F13;F14;F17,F01;F02;F04;F10;F13;F14;F17,,,"F12=no [->A] record's only citation is <ls>L.</ls> hedging the entry -> F13, not F12 (spec reviewer rule 4: 'other <ls> references remain F12')"
G5-066,kernel_common,18582,avAritadvAra,"107,2","<L>18582<pc>107,2<k1>avAritadvAra<k2>a-vArita—dvAra<e>3 <s>a-vArita—dvAra</s> ¦ <lex>mfn.</lex> having open doors, <ls>Naiṣ. iii, 41.</ls><info lex=""m:f:n""/> <LEND>",,F01;F02;F04;F10;F12;F17,F01;F02;F04;F10;F12;F17,F01;F02;F04;F10;F12;F17,,,
G5-067,continuation,35311.2,upamAti,"203,3","<L>35311.2<pc>203,3<k1>upamAti<k2>u/pa-mAti<e>2B ¦ (<ls>BRD.</ls> derives both <hom>1.</hom> and <hom>2.</hom> <s>upa-mAti</s> <ab>fr.</ab> <s>upa-√ man</s>, ‘to address’.)<info lex=""inh""/> <LEND>",,F01;F03;F06;F09;F10;F12;F17,F01;F03;F06;F09;F10;F12;F17,F01;F03;F06;F09;F10;F12;F17,,,
G5-068,root_verbal,159137,masfRaya,"794,1","<L>159137<pc>794,1<k1>masfRaya<k2>masfRaya<e>2 <s>masfRaya</s> ¦ <ab>Nom.</ab> <ab>P.</ab> <s>˚yati</s>, to make soft or smooth, <ls>Hcar.</ls><info verb=""nom"" cp=""P""/> <LEND>",,F01;F02;F05;F10;F12;F17,F01;F02;F05;F08;F10;F12;F17,F01;F02;F05;F08;F10;F12;F17,,,F08=yes [->B] 0yati Nom. present: additional <s> span(s) are genuine inflected/conjugated forms of the headword
G5-069,botanical_bio,202781,visarga,"1001,1","<L>202781<pc>1001,1<k1>visarga<k2>vi-sarga/<e>2A ¦ producing, creating (<ab>esp.</ab> secondary creation or creation in detail by <s1>Puruṣa</s1>; see under <s>sarga</s>), <ls>Bhag.</ls>; <ls>BhP.</ls><info lex=""inh""/...",,F01;F10;F12;F15;F17,F01;F10;F12;F15;F16;F17,F01;F10;F12;F15;F16;F17,,,F16=yes [->B] 'see under <s>sarga</s>' textual cross-reference
G5-070,botanical_bio,165431,muRqitikA,"822,1","<L>165431<pc>822,1<k1>muRqitikA<k2>muRqitikA<e>2 <s>muRqitikA</s> ¦ <lex>f.</lex> <bot>Sphaerantus Hirtus</bot>, <ls>L.</ls><info lex=""f""/> <LEND>",,F01;F02;F04;F10;F13;F14;F17,F01;F02;F04;F10;F12;F13;F14;F17,F01;F02;F04;F10;F13;F14;F17,,,"F12=no [->A] record's only citation is <ls>L.</ls> hedging the entry -> F13, not F12 (spec reviewer rule 4: 'other <ls> references remain F12')"
G5-071,hedge_ls,201743,vizapucCa,"995,3","<L>201743<pc>995,3<k1>vizapucCa<k2>viza—pucCa<e>3 <s>viza—pucCa</s> ¦ <lex>mf(<s>I</s>)n.</lex> having a venomous tail, <ls>L.</ls><info lex=""m:f#I:n""/> <LEND>",,F01;F02;F04;F10;F13;F17,F01;F02;F04;F08;F10;F12;F13;F17,F01;F02;F04;F08;F10;F13;F17,,,"F08=yes [->B] mf(<s>I</s>)n.: feminine-stem <s> display inside <lex> (mf(I/A)n. / ifc. f(A).) is genuine inflectional-form info of the headword | F12=no [->A] record's only citation is <ls>L.</ls> hedging the entry -> F13, not F12 (spec reviewer rule 4: 'other <ls> references remain F12')"
G5-072,continuation,110369,nivartana,"560,1","<L>110369<pc>560,1<k1>nivartana<k2>ni-va/rtana<e>3B ¦ reforming, repenting, <ls>W.</ls><info lex=""inh""/> <LEND>",,F01;F10;F12;F17,F01;F10;F12;F17,F01;F10;F12;F17,,,
G5-073,random_residual,210329,vyUhIkf,"1041,1","<L>210329<pc>1041,1<k1>vyUhIkf<k2>vyUhI-kf<e>2 <s>vyUhI-√ kf</s> ¦ <ab>P.</ab> <s>-karoti</s>, to draw up in battle-array, <ls>Kām.</ls><info verb=""gati"" cp=""P"" parse=""vyUhI+kf""/> <LEND>",,F01;F02;F05;F06;F10;F12;F17,F01;F02;F05;F06;F08;F10;F12;F17,F01;F02;F05;F06;F08;F10;F12;F17,,,F08=yes [->B] -karoti: additional <s> span(s) are genuine inflected/conjugated forms of the headword
G5-074,root_verbal,110126,nirhan,"558,2","<L>110126<pc>558,2<k1>nirhan<k2>nir-han<e>1 <s>nir-√ han</s> ¦ <ab>P.</ab> <s>-hanti</s>, to strike off, expel, remove, strike or knock out (eye, tooth &c.), hew down, kill, destroy, <ls>RV.</ls> &c. &c.: <div n=""vp""/...",,F01;F02;F05;F06;F08;F09;F10;F12;F17,F01;F02;F05;F06;F08;F10;F12;F17,F01;F02;F05;F06;F08;F10;F12;F17,,,"F09=no [->B] <div n=""vp""/> introduces the Caus./Desid./Intens. paradigm section - grammatical structure, not editorial commentary"
G5-075,continuation,252720,soma,"1249,3","<L>252720<pc>1249,3<k1>soma<k2>so/ma<e>1A ¦ Monday (= <s>soma-vAra</s>), <ls>Inscr.</ls><info lex=""inh""/> <LEND>",,F01;F10;F12;F17,F01;F10;F12;F17,F01;F10;F12;F17,,,
G5-076,hedge_ls,105848,nAya,"536,3","<L>105848<pc>536,3<k1>nAya<k2>nAya/<e>1A ¦ guidance, direction, <ls>L.</ls><info lex=""inh""/> <LEND>",,F01;F10;F13;F17,F01;F10;F12;F13;F17,F01;F10;F13;F17,,,"F12=no [->A] record's only citation is <ls>L.</ls> hedging the entry -> F13, not F12 (spec reviewer rule 4: 'other <ls> references remain F12')"
G5-077,continuation,104456,nalinI,"530,3","<L>104456<pc>530,3<k1>nalinI<k2>nalinI<e>2A ¦ of 2 rivers, <ls>VP.</ls><info lex=""inh""/> <LEND>",,F01;F10;F12;F17,F01;F10;F12;F17,F01;F10;F12;F17,,,
G5-078,continuation,181834,lava,"898,2","<L>181834<pc>898,2<k1>lava<k2>la/va<e>1A ¦ anything cut off, a section, fragment, piece, particle, bit, little piece (<s>am</s> <lex type=""phw"">ind.</lex> a little; <s>lavam api</s>, even a little), <ls>MBh.</ls>; <ls...",,F01;F04;F09;F10;F12;F16;F17,F01;F04;F08;F10;F12;F16;F17,F01;F04;F08;F10;F12;F16;F17,,,"F08=yes [->B] (<s>am</s>) phw adverb form + lavam api inflected usage phrase | F09=no [->B] cf./see is a cross-reference marker (F16 per paper SS1), not editorial commentary"
G5-079,hedge_ls,96968,doDa,"498,2","<L>96968<pc>498,2<k1>doDa<k2>doDa<e>1 <s>doDa</s> ¦ <lex>m.</lex> (for <s>dogDf</s>?) a calf, <ls>L.</ls><info lex=""m""/> <LEND>",,F01;F02;F04;F10;F13;F17,F01;F02;F04;F09;F10;F12;F13;F17,F01;F02;F04;F09;F10;F13;F17,,,"F09=yes [->B] (for dogDf?) uncertain derivation flagged with a literal ? - editorial commentary | F12=no [->A] record's only citation is <ls>L.</ls> hedging the entry -> F13, not F12 (spec reviewer rule 4: 'other <ls> references remain F12')"
G5-080,kernel_common,141022,prekzitavya,"712,2","<L>141022<pc>712,2<k1>prekzitavya<k2>prekzitavya<e>3 <s>pre<srs/>kzitavya</s> ¦ <lex>mfn.</lex> to be seen or beheld, <ls>Ratnāv.</ls><info lex=""m:f:n""/> <LEND>",,F01;F02;F04;F10;F12;F17,F01;F02;F04;F10;F12;F17,F01;F02;F04;F10;F12;F17,,,
G5-081,random_residual,227932,saMkawa,"1125,2","<L>227932<pc>1125,2<k1>saMkawa<k2>saM-kawa<e>1B ¦ of a man, <ls>Rājat.</ls><info lex=""inh""/> <LEND>",,F01;F10;F12;F17,F01;F10;F12;F17,F01;F10;F12;F17,,,
G5-082,kernel_common,79783,jIvorRA,"423,1","<L>79783<pc>423,1<k1>jIvorRA<k2>jIvorRA<e>3 <s>jIvo<srs/>rRA</s> ¦ <lex>f.</lex> wool of a living animal, <ls>KātyŚr.</ls><info lex=""f""/> <LEND>",,F01;F02;F04;F10;F12;F17,F01;F02;F04;F10;F12;F17,F01;F02;F04;F10;F12;F17,,,
G5-083,kernel_common,177343,rAmagovindatIrTa,"877,2","<L>177343<pc>877,2<k1>rAmagovindatIrTa<k2>rAma—govinda—tIrTa<e>4 <s>rAma—govinda—tIrTa</s> ¦ <lex>m.</lex> <ab>N.</ab> of a teacher, <ls>Cat.</ls><info lex=""m""/> <LEND>",,F01;F02;F04;F10;F12;F17,F01;F02;F04;F10;F12;F17,F01;F02;F04;F10;F12;F17,,,
G5-084,continuation,205678,vedacakzus,"1015,3","<L>205678<pc>1015,3<k1>vedacakzus<k2>veda—cakzus<e>3A ¦ the eye for seeing (or discerning the sense of) the <s1 n=""Veda"">V˚</s1>, <ls>Cat.</ls><info lex=""inh""/> <LEND>",,F01;F10;F12;F17,F01;F10;F12;F15;F17,F01;F10;F12;F15;F17,,,"F15=yes [->B] <s1 n=""Veda"">V0</s1> proper-name marker; Pass A's regex missed the n= attribute form"
G5-085,botanical_bio,188320,vallaBAzwaka,"928,3","<L>188320<pc>928,3<k1>vallaBAzwaka<k2>vallaBAzwaka<e>3 <s>vallaBA<srs/>zwaka</s> ¦ <lex>n.</lex> <ab>N.</ab> of a <s1>Stotra</s1> (by <s1>Viṭṭhala-dīkṣita</s1>)<info lex=""n""/> <LEND>",,F01;F02;F04;F10;F15;F17,F01;F02;F04;F10;F15;F17,F01;F02;F04;F10;F15;F17,,,
G5-086,botanical_bio,243453,sAvitra,"1211,2","<L>243453<pc>1211,2<k1>sAvitra<k2>sAvitra/<e>1B ¦ <ab>N.</ab> of one of the peaks of <s1>Meru</s1>, <ls>VP.</ls><info lex=""inh""/> <LEND>",,F01;F10;F12;F15;F17,F01;F10;F12;F15;F17,F01;F10;F12;F15;F17,,,
G5-087,random_residual,251171,sUtyA,"1241,3","<L>251171<pc>1241,3<k1>sUtyA<k2>sUtyA<e>2B <s>sUtyA</s> ¦ <lex>f.</lex> (<ab>cf.</ab> <hom>3.</hom> <s>sUta</s>) = <s>sutyA</s>, <ls>L.</ls><info lex=""f""/><info hui=""b""/> <LEND>",,F01;F02;F03;F04;F09;F10;F13;F17,F01;F02;F03;F04;F10;F12;F13;F16;F17,F01;F02;F03;F04;F10;F13;F16;F17,,,"F09=no [->B] cf./see is a cross-reference marker (F16 per paper SS1), not editorial commentary | F12=no [->A] record's only citation is <ls>L.</ls> hedging the entry -> F13, not F12 (spec reviewer rule 4: 'other <ls> references remain F12') | F16=yes [->B] (cf. 3. <s>sUta</s>) textual cross-reference"
G5-088,kernel_common,229933,satyaparAyaRatIrTa,"1136,1","<L>229933<pc>1136,1<k1>satyaparAyaRatIrTa<k2>satya—parAyaRa-tIrTa<e>3 <s>satya—parA<srs/>yaRa-tIrTa</s> ¦ <lex>m.</lex> <ab>N.</ab> of a man, <ls>ib.</ls><info lex=""m""/> <LEND>",,F01;F02;F04;F10;F12;F17,F01;F02;F04;F10;F12;F17,F01;F02;F04;F10;F12;F17,,,
G5-089,root_verbal,9481,aparaYj,"50,3","<L>9481<pc>50,3<k1>aparaYj<k2>apa-raYj<e>1 <s>apa-√ raYj</s> ¦ <s>-rajyate</s>, to become unfavourable to, <ls>MBh.</ls>; <ls>Kir. ii, 49.</ls><info verb=""pre"" cp="""" parse=""apa+raYj""/> <LEND>",,F01;F02;F05;F06;F10;F12;F17,F01;F02;F06;F08;F10;F12;F17,F01;F02;F06;F08;F10;F12;F17,,,"F05=no [->B] bare -rajyate form, no class marker at all; no print conjugation-class marker (cl./P./A.); Pass A fired on <info verb=>, which is F17 machine annotation per reviewer rule 3 | F08=yes [->B] -rajyate: additional <s> span(s) are genuine inflected/conjugated forms of the headword"
G5-090,botanical_bio,173911,rajataprasTa,"863,1","<L>173911<pc>863,1<k1>rajataprasTa<k2>rajata—prasTa<e>3 <s>rajata—prasTa</s> ¦ <lex>m.</lex> <ab>N.</ab> of <s1>Kailāsa</s1>, <ls>L.</ls><info lex=""m""/> <LEND>",,F01;F02;F04;F10;F13;F15;F17,F01;F02;F04;F10;F12;F13;F15;F17,F01;F02;F04;F10;F13;F15;F17,,,"F12=no [->A] record's only citation is <ls>L.</ls> hedging the entry -> F13, not F12 (spec reviewer rule 4: 'other <ls> references remain F12')"
G5-091,kernel_common,228041,saMkocin,"1126,1","<L>228041<pc>1126,1<k1>saMkocin<k2>saM-kocin<e>3 <s>saM-˚kocin</s> ¦ <lex>mfn.</lex> closing (as a flower), <ls>Rājat.</ls><info lex=""m:f:n""/> <LEND>",,F01;F02;F04;F10;F12;F17,F01;F02;F04;F10;F12;F17,F01;F02;F04;F10;F12;F17,,,
G5-092,continuation,166539,mUlya,"827,1","<L>166539<pc>827,1<k1>mUlya<k2>mUlya<e>2B ¦ capital, stock, <ls>Kathās.</ls><info lex=""inh""/> <LEND>",,F01;F10;F12;F17,F01;F10;F12;F17,F01;F10;F12;F17,,,
G5-093,kernel_common,133017,prativaktf,"670,1","<L>133017<pc>670,1<k1>prativaktf<k2>prati-vaktf<e>3 <s>prati-˚vaktf</s> ¦ <lex>mfn.</lex> answering to (<ab>gen.</ab>), explaining (the law), <ls>Baudh.</ls><info lex=""m:f:n""/> <LEND>",,F01;F02;F04;F10;F12;F17,F01;F02;F04;F10;F12;F17,F01;F02;F04;F10;F12;F17,,,
G5-094,botanical_bio,113744,paYcapAtra,"576,3","<L>113744<pc>576,3<k1>paYcapAtra<k2>paYca—pAtra<e>3 <s>paYca—pAtra</s> ¦ <lex>n.</lex> a <ab>partic.</ab> vessel for purifying water used at the <s1>Ācamana</s1> (<ab>q.v.</ab>), <ls>RTL. xxi</ls><info lex=""n""/> <LEND>",,F01;F02;F04;F10;F12;F15;F17,F01;F02;F04;F10;F12;F15;F16;F17,F01;F02;F04;F10;F12;F15;F16;F17,,,F16=yes [->B] (q.v.) after Acamana - listed F16 marker
G5-095,random_residual,236643,samprahas,"1176,3","<L>236643<pc>1176,3<k1>samprahas<k2>sam-pra-has<e>1 <s>sam-pra-√ has</s> ¦ <ab>P.</ab> <s>-hasati</s>, to laugh together, break into a laugh, <ls>MBh.</ls>; <ls>R.</ls>; <ls>BhP.</ls> : <div n=""vp""/><ab>Caus.</ab> <s>...",,F01;F02;F05;F06;F08;F09;F10;F12;F17,F01;F02;F05;F06;F08;F10;F12;F17,F01;F02;F05;F06;F08;F10;F12;F17,,,"F09=no [->B] <div n=""vp""/> introduces the Caus./Desid./Intens. paradigm section - grammatical structure, not editorial commentary"
G5-096,continuation,228555,saMgUQa,"1128,3","<L>228555<pc>1128,3<k1>saMgUQa<k2>saM-gUQa<e>1A ¦ contracted, abridged, <ls>W.</ls><info lex=""inh""/> <LEND>",,F01;F10;F12;F17,F01;F10;F12;F17,F01;F10;F12;F17,,,
G5-097,random_residual,154225,maNgalaviDi,"773,1","<L>154225<pc>773,1<k1>maNgalaviDi<k2>maNgala—viDi<e>3A ¦ preparations for a festival, <ls>Daś.</ls><info lex=""inh""/> <LEND>",,F01;F10;F12;F17,F01;F10;F12;F17,F01;F10;F12;F17,,,
G5-098,root_verbal,178856,rup,"884,3","<L>178856<pc>884,3<k1>rup<k2>rup<h>1<e>1 <hom>1.</hom> <s>rup</s> ¦ (<ab>cf.</ab> √ <s>lup</s>) <ab>cl.</ab> 4. <ab>P.</ab> (<ls>Dhātup. xxvi, 125</ls>) <s>ru/pyati</s> (<ab>pf.</ab> <s>ruropa</s> <ab>aor.</ab> <s>aru...",,F01;F02;F03;F05;F06;F08;F09;F10;F12;F17,F01;F02;F03;F05;F06;F08;F10;F12;F16;F17,F01;F02;F03;F05;F06;F08;F10;F12;F16;F17,,,"F09=no [->B] cf. root lup is F16; <div n=""vp""/> introduces the Caus./Desid./Intens. paradigm section - grammatical structure, not editorial commentary | F16=yes [->B] (cf. root <s>lup</s>) textual cross-reference"
G5-099,crossref_phw,52465,kumudinIpati,"292,3","<L>52465<pc>292,3<k1>kumudinIpati<k2>kumudinI—pati<e>3 <s>kumudinI—pati</s> ¦ <lex>m.</lex> <ab>id.</ab>, <ls>L.</ls><info lex=""m""/> <LEND>",,F01;F02;F04;F10;F13;F16;F17,F01;F02;F04;F10;F12;F13;F16;F17,F01;F02;F04;F10;F13;F16;F17,,,"F12=no [->A] record's only citation is <ls>L.</ls> hedging the entry -> F13, not F12 (spec reviewer rule 4: 'other <ls> references remain F12')"
G5-100,hedge_ls,64245.2,galagaRqa,"350,3","<L>64245.2<pc>350,3<k1>galagaRqa<k2>gala—gaRqa<e>3B ¦ = <s>gaRqa-mAlA</s>, <ls>L.</ls><info lex=""inh""/> <LEND>",,F01;F10;F13;F17,F01;F10;F12;F13;F17,F01;F10;F13;F17,,,"F12=no [->A] record's only citation is <ls>L.</ls> hedging the entry -> F13, not F12 (spec reviewer rule 4: 'other <ls> references remain F12')"
G5-101,hedge_ls,19274,avyaTa,"111,3","<L>19274<pc>111,3<k1>avyaTa<k2>a-vyaTa<e>1B <s>a-vyaTa</s> ¦ <lex>m.</lex> a snake, <ls>L.</ls><info lex=""m""/> <LEND>",,F01;F02;F04;F10;F13;F17,F01;F02;F04;F10;F12;F13;F17,F01;F02;F04;F10;F13;F17,,,"F12=no [->A] record's only citation is <ls>L.</ls> hedging the entry -> F13, not F12 (spec reviewer rule 4: 'other <ls> references remain F12')"
G5-102,continuation,155585,madanotsavA,"778,3","<L>155585<pc>778,3<k1>madanotsavA<k2>madanotsavA<e>3B <s>madano<srs/>tsavA</s> ¦ <lex>f.</lex> a courtezan of <s1>Svarga</s1>, <ls>L.</ls><info lex=""f""/> <LEND>",,F01;F02;F04;F10;F13;F15;F17,F01;F02;F04;F10;F12;F13;F15;F17,F01;F02;F04;F10;F13;F15;F17,,,"F12=no [->A] record's only citation is <ls>L.</ls> hedging the entry -> F13, not F12 (spec reviewer rule 4: 'other <ls> references remain F12')"
G5-103,root_verbal,240371,sahArTIBU,"1194,3","<L>240371<pc>1194,3<k1>sahArTIBU<k2>sahArTI-BU<e>4 <s>sahA<srs/>˚rTI-√ BU</s> ¦ <ab>P.</ab> <s>-Bavati</s>, to accompany, attend (<s>˚rTI-BAva</s> <lex type=""phw"">m.</lex> ‘companionship, community’), <ls>Pat.</ls> on...",,F01;F02;F04;F05;F06;F10;F12;F16;F17,F01;F02;F04;F05;F06;F08;F10;F12;F17,F01;F02;F04;F05;F06;F08;F10;F12;F17,,,"F08=yes [->B] -Bavati: additional <s> span(s) are genuine inflected/conjugated forms of the headword | F16=no [->B] (0rTI-BAva <lex type=""phw"">) inline (-X <lex type=""phw"">) is a sub-headword display, not a cross-reference; the phw graph attr is F17"
G5-104,hedge_ls,217388,Sili,"1073,2","<L>217388<pc>1073,2<k1>Sili<k2>Sili<e>2 <s>Sili</s> ¦ <lex>m.</lex> <bot>Betula Bhojpatra</bot>, <ls>L.</ls><info lex=""m""/> <LEND>",,F01;F02;F04;F10;F13;F14;F17,F01;F02;F04;F10;F12;F13;F14;F17,F01;F02;F04;F10;F13;F14;F17,,,"F12=no [->A] record's only citation is <ls>L.</ls> hedging the entry -> F13, not F12 (spec reviewer rule 4: 'other <ls> references remain F12')"
G5-105,random_residual,122887,pArTa,"621,3","<L>122887<pc>621,3<k1>pArTa<k2>pArTa<h>4<e>1 <hom>4.</hom> <s>pArTa</s> or <s>pArTona</s> ¦ <lex>m.</lex> (in <ab>astron.</ab>) = <gk>παρθένος</gk> as (the Virgo of the zodiac). <info lex=""m""/> <LEND>",,F01;F02;F03;F04;F07;F08;F10;F17,F01;F02;F03;F04;F07;F08;F10;F17,F01;F02;F03;F04;F07;F08;F10;F17,,,
G5-106,kernel_common,144038,bahulIBAva,"726,2","<L>144038<pc>726,2<k1>bahulIBAva<k2>bahulI—BAva<e>3 <s>bahulI—BAva</s> ¦ <lex>m.</lex> the becoming wide-spread, public, general notoriety, <ls>Kathās.</ls><info lex=""m""/> <LEND>",,F01;F02;F04;F10;F12;F17,F01;F02;F04;F10;F12;F17,F01;F02;F04;F10;F12;F17,,,
G5-107,kernel_common,29870.1,ISAnahata,"1321,1","<L>29870.1<pc>1321,1<k1>ISAnahata<k2>ISAna—hata<e>3 <s>ISAna—hata</s> ¦ <lex>mfn.</lex> killed by fever (= <s>jvara-hata</s>), <ls>Kauś.</ls> (<ab>Sch.</ab>).<info n=""sup""/><info lex=""m:f:n""/> <LEND>",,F01;F02;F04;F10;F12;F17,F01;F02;F04;F10;F12;F17,F01;F02;F04;F10;F12;F17,,,
G5-108,kernel_common,242364,sAmantakena,"1205,3","<L>242364<pc>1205,3<k1>sAmantakena<k2>sAmantakena<e>2 <s>sAmantakena</s> ¦ <lex>ind.</lex> in the neighbourhood, <ls>Kāraṇḍ.</ls><info lex=""ind""/> <LEND>",,F01;F02;F04;F10;F12;F17,F01;F02;F04;F10;F12;F17,F01;F02;F04;F10;F12;F17,,,
G5-109,kernel_common,198756,vimAnasTa,"980,1","<L>198756<pc>980,1<k1>vimAnasTa<k2>vi-mAna—sTa<e>3 <s>vi-mAna—sTa</s> ¦ <lex>mfn.</lex> standing on a <ab n=""celestial"">cel˚</ab> car, <ls>MW.</ls><info lex=""m:f:n""/> <LEND>",,F01;F02;F04;F10;F12;F17,F01;F02;F04;F10;F12;F17,F01;F02;F04;F10;F12;F17,,,
G5-110,crossref_phw,126517.1,puruzamAninitva,"637,2","<L>126517.1<pc>637,2<k1>puruzamAninitva<k2>puruza—mAnini/-tva<e>4 <s>puruza—mAnini/-tva</s> ¦ <lex>n.</lex><info phwparent=""126517,puruzamAnin""/><info lex=""n""/> <LEND>",,F01;F02;F04;F10;F16;F17,F01;F02;F04;F10;F17,F01;F02;F04;F10;F17,,,F16=no [->B] only <info phwparent/phwchild=> machine relation present -> F17 per reviewer rule 3; no textual cross-ref marker (q.v./cf./id./See)
G5-111,correction_edge,180503,lakzmaRasena,"892,2","<L>180503<pc>892,2<k1>lakzmaRasena<k2>lakzmaRa—sena<e>3 <s>lakzmaRa—sena</s> ¦ <lex>m.</lex> <chg type=""chg"" n=""1"" src=""mw""><old>N. of various men (esp. of a son of Ballāla-sena, who gave his name to an Era which comm...",,F01;F02;F04;F10;F15;F17;F18,F01;F02;F04;F10;F15;F17;F18,F01;F02;F04;F10;F15;F17;F18,,,
G5-112,hedge_ls,170876,yaSaHpawaha,"848,2","<L>170876<pc>848,2<k1>yaSaHpawaha<k2>yaSaH—pawaha<e>3 <s>yaSaH—pawaha</s> ¦ <lex>m.</lex> a drum, double drum, <ls>L.</ls><info lex=""m""/> <LEND>",,F01;F02;F04;F10;F13;F17,F01;F02;F04;F10;F12;F13;F17,F01;F02;F04;F10;F13;F17,,,"F12=no [->A] record's only citation is <ls>L.</ls> hedging the entry -> F13, not F12 (spec reviewer rule 4: 'other <ls> references remain F12')"
G5-113,correction_edge,120799,pAtra,"612,3","<L>120799<pc>612,3<k1>pAtra<k2>pA/tra<h>1<e>2 <hom>1.</hom> <s>pA/tra</s> ¦ <lex>n.</lex> (<ab>ifc.</ab> <lex type=""hwifc"">f(<s>A</s>). </lex>) a drinking-vessel, goblet, bowl, cup, dish, pot, plate, utensil &c., any ...",,F01;F02;F03;F04;F10;F12;F17,F01;F02;F03;F04;F08;F10;F12;F17,F01;F02;F03;F04;F08;F10;F12;F17,,,F08=yes [->B] (ifc. f(A).): feminine-stem <s> display inside <lex> (mf(I/A)n. / ifc. f(A).) is genuine inflectional-form info of the headword
G5-114,root_verbal,8740,anvaBizic,"46,1","<L>8740<pc>46,1<k1>anvaBizic<k2>anv-aBi-zic<e>1 <s>anv-aBi-zic</s> ¦ (√ <s>sic</s>) <ab>Ā.</ab> <s>-siYcate</s> to have one's self anointed by another (with <ab>acc.</ab>), <ls>MBh. xii, 2803</ls> (both editions).<inf...",,F01;F02;F05;F06;F10;F12;F17,F01;F02;F05;F06;F08;F10;F12;F17,F01;F02;F05;F06;F08;F10;F12;F17,,,F08=yes [->B] -siYcate: additional <s> span(s) are genuine inflected/conjugated forms of the headword
G5-115,kernel_common,158284,marusTalI,"790,2","<L>158284<pc>790,2<k1>marusTalI<k2>maru—sTalI<e>3 <s>maru—sTa˚lI</s> ¦ <lex>f.</lex> a desert spot, wilderness, <ls>Kāv.</ls>; <ls>Kathās.</ls>; <ls>Hit.</ls><info lex=""f""/> <LEND>",,F01;F02;F04;F10;F12;F17,F01;F02;F04;F10;F12;F17,F01;F02;F04;F10;F12;F17,,,
G5-116,continuation,235936,sampA,"1171,2","<L>235936<pc>1171,2<k1>sampA<k2>sampA<e>1B <s>sampA</s> ¦ (<s>A</s>), <lex>f.</lex> = <s>SampA</s>, lightning (for <s>sam-pA</s> See <pcol>p. 1172, col. 3</pcol>). <info lex=""f""/><info hui=""a""/> <LEND>",,F01;F02;F04;F10;F16;F17,F01;F02;F04;F08;F10;F16;F17,F01;F02;F04;F08;F10;F16;F17,,,F08=yes [->B] (<s>A</s>) feminine-stem <s> display inside <lex> (mf(I/A)n. / ifc. f(A).) is genuine inflectional-form info of the headword
G5-117,kernel_common,148854,BartrISvara,"748,1","<L>148854<pc>748,1<k1>BartrISvara<k2>BartrISvara<e>3 <s>BartrISvara</s> ¦ (<s>˚tf</s> + <s>ISv˚</s>) <lex>m.</lex> <ab>N.</ab> of an author, <ls>Gaṇar.</ls><info lex=""m""/> <LEND>",,F01;F02;F04;F10;F12;F17,F01;F02;F04;F10;F12;F17,F01;F02;F04;F10;F12;F17,,,
G5-118,root_verbal,135930,pramI,"686,2","<L>135930<pc>686,2<k1>pramI<k2>pra-mI<e>1 <s>pra-√ mI</s> ¦ <ab>P.</ab> <s>-minAti</s> (<s>-mIRAti</s>, <ls>Pāṇ. viii, 4, 15</ls>; <s>-miRoti</s>, <ls>BhP.</ls>; <lang>Ved.</lang> <ab>inf.</ab> <s>-mi/yam</s>, <s>-mi/...",,F01;F02;F05;F06;F07;F08;F09;F10;F12;F17,F01;F02;F05;F06;F08;F10;F12;F17,F01;F02;F05;F06;F08;F10;F12;F17,,,"F07=no [->B] <lang>Ved.</lang> is a register label on Vedic forms, not IE-cognate content (no <etym>/<gk>) | F09=no [->B] 'cf. below' is a cross-pointer; the parenthetical is a form inventory, not editorial prose"
G5-119,kernel_common,181712,lalItikA,"898,1","<L>181712<pc>898,1<k1>lalItikA<k2>lalItikA<e>2 <s>lalItikA</s> ¦ <lex>f.</lex> <ab>N.</ab> of a place of pilgrimage, <ls>MBh.</ls><info lex=""f""/> <LEND>",,F01;F02;F04;F10;F12;F17,F01;F02;F04;F10;F12;F17,F01;F02;F04;F10;F12;F17,,,
G5-120,root_verbal,29442,izaRya,"168,3","<L>29442<pc>168,3<k1>izaRya<k2>izaRya<e>2 <s>izaRya</s> ¦ <ab>Nom.</ab> <ab>P.</ab> <s>izaRyati</s> (<ab>p.</ab> <s>izaRya/t</s>, <ls>RV. iii, 61, 7</ls>) to cause to make haste, excite, drive, <ls>RV.</ls><info verb=...",,F01;F02;F05;F10;F12;F17,F01;F02;F05;F08;F10;F12;F17,F01;F02;F05;F08;F10;F12;F17,,,F08=yes [->B] izaRyati + participle izaRya/t: additional <s> span(s) are genuine inflected/conjugated forms of the headword
G5-121,kernel_common,121853,pATojinI,"617,1","<L>121853<pc>617,1<k1>pATojinI<k2>pATo—jinI<e>4 <s>pATo—˚jinI</s> ¦ <lex>f.</lex> the <ab n=""lotus"">l˚</ab>-plant, <ls>Prasannar.</ls><info lex=""f""/> <LEND>",,F01;F02;F04;F10;F12;F17,F01;F02;F04;F10;F12;F17,F01;F02;F04;F10;F12;F17,,,
G5-122,correction_edge,5664,anAvftta,"28,3","<L>5664<pc>28,3<k1>anAvftta<k2>a/n-Avftta<e>2 <s>a/n-Avftta</s> ¦ <lex>mfn.</lex> not turned about or round<info n=""rev"" pc=""1311,2""/><info lex=""m:f:n""/> <LEND>",,F01;F02;F04;F10;F17,F01;F02;F04;F10;F17,F01;F02;F04;F10;F17,,,
G5-123,continuation,50776,kIrRa,"285,1","<L>50776<pc>285,1<k1>kIrRa<k2>kIrRa<e>1A ¦ filled with, full of (<ab>instr.</ab>), <ls>ib.</ls><info lex=""inh""/> <LEND>",,F01;F10;F12;F17,F01;F10;F12;F17,F01;F10;F12;F17,,,
G5-124,random_residual,19833,aSrumuKa,"114,3","<L>19833<pc>114,3<k1>aSrumuKa<k2>aSru—muKa/<e>3 <s>aSru—muKa/</s> ¦ <lex>mf(<s>I/</s>)n.</lex> having tears on the face, <ls>AV. xi, 9, 7</ls>; <ls>R.</ls>; <ls>Vikr.</ls><info lex=""m:f#I:n""/> <LEND>",,F01;F02;F04;F10;F12;F17,F01;F02;F04;F08;F10;F12;F17,F01;F02;F04;F08;F10;F12;F17,,,F08=yes [->B] mf(<s>I/</s>)n. (accented): feminine-stem <s> display inside <lex> (mf(I/A)n. / ifc. f(A).) is genuine inflectional-form info of the headword
G5-125,hedge_ls,252820,somanandin,"1250,1","<L>252820<pc>1250,1<k1>somanandin<k2>soma—nandin<e>3 <s>soma—nandin</s> ¦ <lex>m.</lex> <ab>N.</ab> of one of <s1>Śiva</s1>'s attendants, <ls>L.</ls><info lex=""m""/> <LEND>",,F01;F02;F04;F10;F13;F15;F17,F01;F02;F04;F10;F12;F13;F15;F17,F01;F02;F04;F10;F13;F15;F17,,,"F12=no [->A] record's only citation is <ls>L.</ls> hedging the entry -> F13, not F12 (spec reviewer rule 4: 'other <ls> references remain F12')"
G5-126,crossref_phw,94243,duryoDana,"486,3","<L>94243<pc>486,3<k1>duryoDana<k2>dur—yoDana<e>3 <s>dur—yoDana</s> ¦ <lex>mfn.</lex> <ab>id.</ab> (<s>-tA</s> <lex type=""phw"">f.</lex>, <ls>MBh. iv, 2103</ls>)<info phwchild=""94245.1""/><info lex=""m:f:n""/> <LEND>",,F01;F02;F04;F10;F12;F16;F17,F01;F02;F04;F10;F12;F16;F17,F01;F02;F04;F10;F12;F16;F17,,,
G5-127,hedge_ls,47786,kAntAra,"271,1","<L>47786<pc>271,1<k1>kAntAra<k2>kAntAra<e>1A ¦ a hole, cavity, <ls>L.</ls><info lex=""inh""/> <LEND>",,F01;F10;F13;F17,F01;F10;F12;F13;F17,F01;F10;F13;F17,,,"F12=no [->A] record's only citation is <ls>L.</ls> hedging the entry -> F13, not F12 (spec reviewer rule 4: 'other <ls> references remain F12')"
G5-128,kernel_common,124176,pitrarjita,"627,1","<L>124176<pc>627,1<k1>pitrarjita<k2>pitr—arjita<e>3 <s>pitr—arjita</s> ¦ <lex>mfn.</lex> acquired by or derived from a father (as property), <ls>MW.</ls><info lex=""m:f:n""/> <LEND>",,F01;F02;F04;F10;F12;F17,F01;F02;F04;F10;F12;F17,F01;F02;F04;F10;F12;F17,,,
G5-129,crossref_phw,135961,pramIlA,"686,2","<L>135961<pc>686,2<k1>pramIlA<k2>pra-mIlA<e>3 <s>pra-˚mIlA</s> ¦ <lex>f.</lex> (<ab>ifc.</ab> <lex type=""hwifc"">f(<s>A</s>). </lex>) <ab>id.</ab>, <ls>Naiṣ.</ls><info lex=""f:f#A""/> <LEND>",,F01;F02;F04;F10;F12;F16;F17,F01;F02;F04;F08;F10;F12;F16;F17,F01;F02;F04;F08;F10;F12;F16;F17,,,F08=yes [->B] (ifc. f(A).): feminine-stem <s> display inside <lex> (mf(I/A)n. / ifc. f(A).) is genuine inflectional-form info of the headword
G5-130,root_verbal,252219,senaya,"1246,3","<L>252219<pc>1246,3<k1>senaya<k2>senaya<e>2 <s>senaya</s> ¦ <ab>Nom.</ab> <ab>P.</ab> <s>˚yati</s> &c. See <s>aBi-zeRaya</s>, <pcol>p. 71, col. 2</pcol>.<info verb=""nom"" cp=""P""/> <LEND>",,F01;F02;F05;F10;F16;F17,F01;F02;F05;F08;F10;F16;F17,F01;F02;F05;F08;F10;F16;F17,,,F08=yes [->B] 0yati Nom. present: additional <s> span(s) are genuine inflected/conjugated forms of the headword
G5-131,kernel_common,223451,Srutanizkraya,"1101,1","<L>223451<pc>1101,1<k1>Srutanizkraya<k2>Sruta—nizkraya<e>3 <s>Sruta—nizkraya</s> ¦ <lex>m.</lex> fee for instruction, <ls>Ragh.</ls><info lex=""m""/> <LEND>",,F01;F02;F04;F10;F12;F17,F01;F02;F04;F10;F12;F17,F01;F02;F04;F10;F12;F17,,,
G5-132,hedge_ls,177271,rAma,"877,1","<L>177271<pc>877,1<k1>rAma<k2>rAma<e>1B ¦ <ab>N.</ab> of <s1>Varuṇa</s1>, <ls>L.</ls><info lex=""inh""/> <LEND>",,F01;F10;F13;F15;F17,F01;F10;F12;F13;F15;F17,F01;F10;F13;F15;F17,,,"F12=no [->A] record's only citation is <ls>L.</ls> hedging the entry -> F13, not F12 (spec reviewer rule 4: 'other <ls> references remain F12')"
G5-133,kernel_common,51241,kukIla,"286,3","<L>51241<pc>286,3<k1>kukIla<k2>ku—kIla<e>3 <s>ku—kIla</s> ¦ <lex>m.</lex> ‘a pin or bolt of the earth’, mountain, <ls>L.</ls><info lex=""m""/> <LEND>",,F01;F02;F04;F10;F13;F17,F01;F02;F04;F10;F12;F13;F17,F01;F02;F04;F10;F13;F17,,,"F12=no [->A] record's only citation is <ls>L.</ls> hedging the entry -> F13, not F12 (spec reviewer rule 4: 'other <ls> references remain F12')"
G5-134,kernel_common,88573,trikavedanA,"461,3","<L>88573<pc>461,3<k1>trikavedanA<k2>trika—vedanA<e>3 <s>trika—vedanA</s> ¦ <lex>f.</lex> pain in the loins, <ls>Suśr.</ls><info lex=""f""/> <LEND>",,F01;F02;F04;F10;F12;F17,F01;F02;F04;F10;F12;F17,F01;F02;F04;F10;F12;F17,,,
G5-135,kernel_common,256641,sparSaSabdavat,"1269,1","<L>256641<pc>1269,1<k1>sparSaSabdavat<k2>sparSa—Sabda-vat<e>3 <s>sparSa—Sabda-vat</s> ¦ <lex>mfn.</lex> palpable and audible, <ls>BhP.</ls><info lex=""m:f:n""/> <LEND>",,F01;F02;F04;F10;F12;F17,F01;F02;F04;F10;F12;F17,F01;F02;F04;F10;F12;F17,,,
G5-136,botanical_bio,40541,ElAkya,"234,3","<L>40541<pc>234,3<k1>ElAkya<k2>ElAkya<e>2 <s>ElAkya</s> ¦ <lex>m.</lex> a descendant of <s1>Elāka</s1> <ab>g.</ab> <s>gargA<srs/>di</s>, <ls>Pāṇ. iv, 1, 105.</ls><info lex=""m""/> <LEND>",,F01;F02;F04;F10;F12;F15;F17,F01;F02;F04;F10;F12;F15;F17,F01;F02;F04;F10;F12;F15;F17,,,
G5-137,continuation,83580.5,talpa,"441,1","<L>83580.5<pc>441,1<k1>talpa<k2>ta/lpa<e>1A ¦ a wife, <ls>L.</ls><info lex=""inh""/> <LEND>",,F01;F10;F13;F17,F01;F10;F12;F13;F17,F01;F10;F13;F17,,,"F12=no [->A] record's only citation is <ls>L.</ls> hedging the entry -> F13, not F12 (spec reviewer rule 4: 'other <ls> references remain F12')"
G5-138,botanical_bio,145873,boDi,"734,3","<L>145873<pc>734,3<k1>boDi<k2>boDi<e>2B <s>boDi</s> ¦ <lex>m.</lex> the tree of wisdom under which perfect <ab n=""wisdom"">w˚</ab> is attained or under which a man becomes a <s1>Buddha</s1>, the sacred fig-tree, (<bot>...",,F01;F02;F04;F10;F12;F14;F17,F01;F02;F04;F10;F12;F14;F15;F17,F01;F02;F04;F10;F12;F14;F15;F17,,,F15=yes [->B] <s1>Buddha</s1> + genuinely encyclopedic content; Pass A's '<s1> without <bot>' rule wrongly excluded records that also carry <bot>
G5-139,root_verbal,133388,pratisad,"672,2","<L>133388<pc>672,2<k1>pratisad<k2>prati-sad<e>1 <s>prati-√ sad</s> ¦ <ab>P.</ab> <s>-sIdati</s> (<ls>Pāṇ. viii, 3, 66</ls>), to start back, abhor, <ls>MBh.</ls><info verb=""pre"" cp=""P"" parse=""prati+sad""/> <LEND>",,F01;F02;F05;F06;F10;F12;F17,F01;F02;F05;F06;F08;F10;F12;F17,F01;F02;F05;F06;F08;F10;F12;F17,,,F08=yes [->B] -sIdati: additional <s> span(s) are genuine inflected/conjugated forms of the headword
G5-140,root_verbal,6142,anukxp,"31,2","<L>6142<pc>31,2<k1>anukxp<k2>anu-kxp<e>1 <s>anu-√ kxp</s> ¦ to follow in order, <ls>TS.</ls> : <div n=""vp""/><ab>Caus.</ab> <s>-kalpayati</s>, to cause to follow or imitate in order.<info verb=""pre"" cp="""" parse=""anu+kx...",,F01;F02;F05;F06;F08;F09;F10;F12;F17,F01;F02;F06;F08;F10;F12;F17,F01;F02;F06;F08;F10;F12;F17,,,"F05=no [->B] no print conjugation-class marker (cl./P./A.); Pass A fired on <info verb=>, which is F17 machine annotation per reviewer rule 3 | F09=no [->B] <div n=""vp""/> introduces the Caus./Desid./Intens. paradigm section - grammatical structure, not editorial commentary"
G5-141,botanical_bio,41092,OpavasaTika,"238,3","<L>41092<pc>238,3<k1>OpavasaTika<k2>OpavasaTika<e>1 <s>OpavasaTika</s> ¦ <lex>mfn.</lex> designed for or belonging to the <s1>Upa-vasatha</s1> (<ab>q.v.</ab>) ceremony, <ls>ĀśvŚr.</ls>; <ls>Gobh.</ls> &c.<info lex=""m:...",,F01;F02;F04;F10;F12;F15;F17,F01;F02;F04;F10;F12;F15;F16;F17,F01;F02;F04;F10;F12;F15;F16;F17,,,F16=yes [->B] (q.v.) after Upa-vasatha - listed F16 marker
G5-142,crossref_phw,235929,samottaratas,"1171,2","<L>235929<pc>1171,2<k1>samottaratas<k2>samottara-tas<e>1 <s>samo<srs/>ttara-tas</s> ¦ <s>samo<srs/>daka</s> &c. See <pcol>p. 1153, col. 2</pcol>.<info hui=""b""/> <LEND>",,F01;F02;F10;F16;F17,F01;F02;F10;F16;F17,F01;F02;F10;F16;F17,,,
G5-143,random_residual,216417,SAstravipratizidDa,"1069,2","<L>216417<pc>1069,2<k1>SAstravipratizidDa<k2>SAstra—vipratizidDa<e>3 <s>SAstra—vipratizidDa</s> ¦ <lex>mfn.</lex> forbidden by or contrary to the <s1 n=""Śāstra"">Ś˚</s1>, <ls>W.</ls><info lex=""m:f:n""/> <LEND>",,F01;F02;F04;F10;F12;F17,F01;F02;F04;F10;F12;F15;F17,F01;F02;F04;F10;F12;F15;F17,,,"F15=yes [->B] <s1 n=""Zastra"">S0</s1> proper-name marker; Pass A regex artifact on the n= attribute"
G5-144,kernel_common,264770,hriti,"1307,2","<L>264770<pc>1307,2<k1>hriti<k2>hriti<e>2 <s>hriti</s> ¦ <lex>f.</lex> = <s>hfti</s>, taking, conveying, <ls>L.</ls><info lex=""f""/> <LEND>",,F01;F02;F04;F10;F13;F17,F01;F02;F04;F10;F12;F13;F17,F01;F02;F04;F10;F13;F17,,,"F12=no [->A] record's only citation is <ls>L.</ls> hedging the entry -> F13, not F12 (spec reviewer rule 4: 'other <ls> references remain F12')"
G5-145,botanical_bio,110860.5,nizkfti,"562,3","<L>110860.5<pc>562,3<k1>nizkfti<k2>ni/z-kfti<e>3B <s>ni/z-˚kfti</s> ¦ <lex>m.</lex> a form of <s1>Agni</s1>, <ls>MBh.</ls><info lex=""m""/> <LEND>",,F01;F02;F04;F10;F12;F15;F17,F01;F02;F04;F10;F12;F15;F17,F01;F02;F04;F10;F12;F15;F17,,,
G5-146,root_verbal,235004,samIpIkf,"1165,1","<L>235004<pc>1165,1<k1>samIpIkf<k2>samIpI—kf<e>3 <s>samIpI—√ kf</s> ¦ <ab>P.</ab> <s>-karoti</s>, to make near, bring near.<info verb=""gati"" cp=""P"" parse=""samIpI+kf""/> <LEND>",,F01;F02;F05;F06;F10;F17,F01;F02;F05;F06;F08;F10;F17,F01;F02;F05;F06;F08;F10;F17,,,F08=yes [->B] -karoti: additional <s> span(s) are genuine inflected/conjugated forms of the headword
G5-147,correction_edge,5458,anAgAmin,"27,3","<L>5458<pc>27,3<k1>anAgAmin<k2>an-AgAmin<e>2 <s>an-AgAmin</s> ¦ <lex>mfn.</lex> not coming, not arriving<info lex=""m:f:n""/><listinfo n=""rev""/> <LEND>",,F01;F02;F04;F10;F17,F01;F02;F04;F10;F17,F01;F02;F04;F10;F17,,,
G5-148,kernel_common,51484,kuYjara,"288,1","<L>51484<pc>288,1<k1>kuYjara<k2>kuYjara<e>1 <s>kuYjara</s> ¦ <lex>m.</lex> (<ab>ifc.</ab> <lex type=""hwifc"">f(<s>A</s>). </lex>, <ls>MBh.</ls>; <ls>R.</ls>) an elephant, <ls>Mn. iii, 274</ls>; <ls>MBh.</ls> &c.<info l...",,F01;F02;F04;F10;F12;F17,F01;F02;F04;F08;F10;F12;F17,F01;F02;F04;F08;F10;F12;F17,,,F08=yes [->B] (ifc. f(A).): feminine-stem <s> display inside <lex> (mf(I/A)n. / ifc. f(A).) is genuine inflectional-form info of the headword
G5-149,hedge_ls,169286,yajYaDara,"839,3","<L>169286<pc>839,3<k1>yajYaDara<k2>yajYa—Dara<e>3 <s>yajYa—Dara</s> ¦ <lex>m.</lex> ‘<ab n=""sacrifice"">s˚</ab>-bearer’, <ab>N.</ab> of <s1>Viṣṇu</s1>, <ls>L.</ls><info lex=""m""/> <LEND>",,F01;F02;F04;F10;F13;F15;F17,F01;F02;F04;F10;F12;F13;F15;F17,F01;F02;F04;F10;F13;F15;F17,,,"F12=no [->A] record's only citation is <ls>L.</ls> hedging the entry -> F13, not F12 (spec reviewer rule 4: 'other <ls> references remain F12')"
G5-150,hedge_ls,183907,lohita,"909,1","<L>183907<pc>909,1<k1>lohita<k2>lo/hita<e>2B ¦ <bot>Dioscorea Purpurea</bot>, <ls>L.</ls><info lex=""inh""/> <LEND>",,F01;F10;F13;F14;F17,F01;F10;F12;F13;F14;F17,F01;F10;F13;F14;F17,,,"F12=no [->A] record's only citation is <ls>L.</ls> hedging the entry -> F13, not F12 (spec reviewer rule 4: 'other <ls> references remain F12')"
G5-151,botanical_bio,78420,jAgata,"416,3","<L>78420<pc>416,3<k1>jAgata<k2>jAgata<e>1 <s>jAgata</s> ¦ <lex>mfn.</lex> (<ab>g.</ab> <s>utsA<srs/>di</s>) composed in or consisting of or conforming to the <s1>Jagatī</s1> metre<info lex=""m:f:n""/> <LEND>",,F01;F02;F04;F10;F15;F17,F01;F02;F04;F10;F15;F17,F01;F02;F04;F10;F15;F17,,,
G5-152,correction_edge,1183,agnyupasTAna,"6,2","<L>1183<pc>6,2<k1>agnyupasTAna<k2>agny-upasTAna/<e>3 <s>agny-upasTAna/</s> ¦ <lex>n.</lex> worship of <s1>Agni</s1> at the conclusion of the <s1>Agnihotra</s1> &c., <ls>ŚBr.</ls>; <ls>MaitrS.</ls> <info n=""rev"" pc=""13...",,F01;F02;F04;F10;F12;F15;F17,F01;F02;F04;F10;F12;F15;F17,F01;F02;F04;F10;F12;F15;F17,,,
G5-153,correction_edge,8967,apakazAya,"47,3","<L>8967<pc>47,3<k1>apakazAya<k2>apa-kazAya<e>1 <s>apa-kazAya</s> ¦ <lex>mfn.</lex> sinless, (<s>-tva</s>, <lex>n.</lex>), <ls>MārkP.</ls><info lex=""m:f:n""/><info n=""rev"" pc=""1313,3""/> <LEND>",,F01;F02;F04;F10;F12;F17,F01;F02;F04;F10;F12;F17,F01;F02;F04;F10;F12;F17,,,
G5-154,correction_edge,40598,okivas,"235,1","<L>40598<pc>235,1<k1>okivas<k2>okiva/s<e>2 <s>okiva/s</s> ¦ <lex>mfn.</lex> (<ab>irr.</ab> <ab>p.p.</ab> <ab>P.</ab> of √ <s>uc</s>) accustomed to, used to, having a liking for, <ls>RV. vi, 59, 3.</ls><info n=""rev"" pc...",,F01;F02;F04;F05;F06;F10;F12;F17,F01;F02;F04;F05;F06;F10;F12;F17,F01;F02;F04;F05;F06;F10;F12;F17,,,
G5-155,crossref_phw,195887,vidyeSa,"964,3","<L>195887<pc>964,3<k1>vidyeSa<k2>vidyeSa<e>3A ¦ = <s>vidye<srs/>Svara</s> (<s>-tva</s> <lex type=""phw"">n.</lex>), <ls>Hcat.</ls>; <ls>Sarvad.</ls><info phwchild=""195887.1""/><info lex=""inh""/> <LEND>",,F01;F04;F10;F12;F16;F17,F01;F04;F10;F12;F17,F01;F04;F10;F12;F17,,,F16=no [->B] '= X' equivalence gloss is not in F16's marker set (q.v./cf./id./see); phwchild attr is F17
G5-156,random_residual,90648,darSanI,"471,1","<L>90648<pc>471,1<k1>darSanI<k2>da/rSanI<e>2B ¦ <ab>cf.</ab> <s>a-</s>, <s>su-</s>.<info lex=""inh""/> <LEND>",,F01;F09;F10;F17,F01;F10;F16;F17,F01;F10;F16;F17,,,"F09=no [->B] the whole entry is a cross-reference (cf. a-, su-) - F16, no commentary | F16=yes [->B] entry consists of 'cf. a-, su-' - pure cross-reference"
G5-157,kernel_common,170887,yaSasya,"848,2","<L>170887<pc>848,2<k1>yaSasya<k2>yaSasya^<e>2 <s>yaSasya^</s> ¦ <lex>mfn.</lex> conferring fame or renown, famous, creditable, glorious, <ls>TS.</ls> &c. &c.<info lex=""m:f:n""/> <LEND>",,F01;F02;F04;F10;F12;F17,F01;F02;F04;F10;F12;F17,F01;F02;F04;F10;F12;F17,,,
G5-158,random_residual,176414,rAjapawwa,"873,2","<L>176414<pc>873,2<k1>rAjapawwa<k2>rAja—pawwa<e>3 <s>rAja—pawwa</s> ¦ <lex>m.</lex> a kind of precious stone or diamond of inferior quality (said to be brought from <s1>Virāṭa</s1>-<s1>deśa</s1> in the north-west of I...",,F01;F02;F04;F10;F12;F15;F17,F01;F02;F04;F09;F10;F12;F15;F17,F01;F02;F04;F09;F10;F12;F15;F17,,,F09=yes [->B] (said to be brought from ...) hedged report - editorial commentary
G5-159,crossref_phw,128399,pfTakpada,"645,3","<L>128399<pc>645,3<k1>pfTakpada<k2>pfTak—pada<e>3 <s>pfTak—pada</s> ¦ <lex>mfn.</lex> consisting of single <ab>i.e.</ab> uncompounded words (<s>-tva</s> <lex type=""phw"">n.</lex>), <ls>Vām.</ls><info phwchild=""128399.1...",,F01;F02;F04;F10;F12;F16;F17,F01;F02;F04;F10;F12;F17,F01;F02;F04;F10;F12;F17,,,"F16=no [->B] inline (-X <lex type=""phw"">) is a sub-headword display, not a cross-reference; the phw graph attr is F17"
G5-160,crossref_phw,232332.1,sapraRayam,"1148,3","<L>232332.1<pc>1148,3<k1>sapraRayam<k2>sa—praRayam<e>3C <s>sa—praRayam</s> ¦ (<s>am</s>), <lex>ind.</lex><info phwparent=""232332,sapraRaya""/><info lex=""ind""/> <LEND>",,F01;F02;F04;F10;F16;F17,F01;F02;F04;F08;F10;F17,F01;F02;F04;F08;F10;F17,,,F08=yes [->B] (<s>am</s>) adverbial-form display of the phw headword | F16=no [->B] only <info phwparent/phwchild=> machine relation present -> F17 per reviewer rule 3; no textual cross-ref marker (q.v./cf./id./See)
G5-161,hedge_ls,182000,lasaka,"899,1","<L>182000<pc>899,1<k1>lasaka<k2>lasaka<e>2 <s>lasaka</s> ¦ <lex>mfn.</lex> = <s>lAsaka</s>, <ls>L.</ls><info lex=""m:f:n""/> <LEND>",,F01;F02;F04;F10;F13;F17,F01;F02;F04;F10;F12;F13;F17,F01;F02;F04;F10;F13;F17,,,"F12=no [->A] record's only citation is <ls>L.</ls> hedging the entry -> F13, not F12 (spec reviewer rule 4: 'other <ls> references remain F12')"
G5-162,random_residual,235132,samuttara,"1166,1","<L>235132<pc>1166,1<k1>samuttara<k2>sam-uttara<e>1 <s>sam-uttara</s> ¦ <lex>n.</lex> = <s>uttara</s>, answer, reply, <ls>Sāh.</ls><info lex=""n""/> <LEND>",,F01;F02;F04;F10;F12;F17,F01;F02;F04;F10;F12;F17,F01;F02;F04;F10;F12;F17,,,
G5-163,continuation,147086,brahmasamBava,"740,1","<L>147086<pc>740,1<k1>brahmasamBava<k2>brahma—samBava<e>3B <s>brahma—samBava</s> ¦ <lex>m.</lex> (with <s1>Jaina</s1>s) <ab>N.</ab> of the second black <s1>Vāsudeva</s1>, <ls>L.</ls><info lex=""m""/> <LEND>",,F01;F02;F04;F10;F13;F15;F17,F01;F02;F04;F10;F12;F13;F15;F17,F01;F02;F04;F10;F13;F15;F17,,,"F12=no [->A] record's only citation is <ls>L.</ls> hedging the entry -> F13, not F12 (spec reviewer rule 4: 'other <ls> references remain F12')"
G5-164,kernel_common,60151,kzoBya,"331,3","<L>60151<pc>331,3<k1>kzoBya<k2>kzoBya<e>2 <s>kzoBya</s> ¦ <lex>mfn.</lex> to be agitated or disturbed (<ab>ifc.</ab>), <ls>Kathās. lv, 120.</ls><info lex=""m:f:n""/> <LEND>",,F01;F02;F04;F10;F12;F17,F01;F02;F04;F10;F12;F17,F01;F02;F04;F10;F12;F17,,,
G5-165,botanical_bio,166990,mfgANkamOli,"829,1","<L>166990<pc>829,1<k1>mfgANkamOli<k2>mfgANka—mOli<e>4 <s>mfgA<srs/>Nka—mOli</s> ¦ <lex>m.</lex> <ab>N.</ab> of <s1>Śiva</s1>, <ls>Prasannar.</ls><info lex=""m""/> <LEND>",,F01;F02;F04;F10;F12;F15;F17,F01;F02;F04;F10;F12;F15;F17,F01;F02;F04;F10;F12;F15;F17,,,
G5-166,crossref_phw,161289.1,mahokzatA,"802,2","<L>161289.1<pc>802,2<k1>mahokzatA<k2>mahokza—tA<e>4 <s>maho<srs/>kza—tA</s> ¦ <lex>f.</lex>, <ls>Ragh.</ls><info phwparent=""161289,mahokza""/><info lex=""f""/> <LEND>",,F01;F02;F04;F10;F12;F16;F17,F01;F02;F04;F10;F12;F17,F01;F02;F04;F10;F12;F17,,,F16=no [->B] only <info phwparent/phwchild=> machine relation present -> F17 per reviewer rule 3; no textual cross-ref marker (q.v./cf./id./See)
G5-167,continuation,214763,SAka,"1061,3","<L>214763<pc>1061,3<k1>SAka<k2>SAka<e>1B <s>SAka</s> ¦ <lex>m.</lex> (also) a general <ab>N.</ab> for any era<info lex=""m""/> <LEND>",,F01;F02;F04;F10;F17,F01;F02;F04;F10;F17,F01;F02;F04;F10;F17,,,
G5-168,kernel_common,260388,hatASa,"1287,3","<L>260388<pc>1287,3<k1>hatASa<k2>hatASa<e>3 <s>hatA<srs/>Sa</s> ¦ <lex>mf(<s>A</s>)n.</lex> whose hopes are destroyed, desperate, <ls>Amar.</ls><info lex=""m:f#A:n""/> <LEND>",,F01;F02;F04;F10;F12;F17,F01;F02;F04;F08;F10;F12;F17,F01;F02;F04;F08;F10;F12;F17,,,F08=yes [->B] mf(<s>A</s>)n.: feminine-stem <s> display inside <lex> (mf(I/A)n. / ifc. f(A).) is genuine inflectional-form info of the headword
G5-169,crossref_phw,239779,saSleza,"1192,1","<L>239779<pc>1192,1<k1>saSleza<k2>sa—Sleza<e>3 <s>sa—Sleza</s> ¦ <lex>mfn.</lex> ambiguous, having a double meaning (<s>-tva</s> <lex type=""phw"">n.</lex>), <ls>Kāvyād.</ls><info phwchild=""239779.1""/><info lex=""m:f:n""/...",,F01;F02;F04;F10;F12;F16;F17,F01;F02;F04;F10;F12;F17,F01;F02;F04;F10;F12;F17,,,"F16=no [->B] inline (-X <lex type=""phw"">) is a sub-headword display, not a cross-reference; the phw graph attr is F17"
G5-170,crossref_phw,190323,vAjapeyika,"938,1","<L>190323<pc>938,1<k1>vAjapeyika<k2>vAja—peyika<e>3 <s>vAja—peyika</s> ¦ <lex>mf(<s>I</s>)n.</lex> <ab>id.</ab>, <ls>KātyŚr.</ls>, <ab>Sch.</ab> (<ab>cf.</ab> <ls>Pāṇ. iv, 3, 68</ls>, <ab>Sch.</ab>)<info lex=""m:f#I:n""...",,F01;F02;F04;F09;F10;F12;F16;F17,F01;F02;F04;F08;F10;F12;F16;F17,F01;F02;F04;F08;F10;F12;F16;F17,,,"F08=yes [->B] mf(<s>I</s>)n.: feminine-stem <s> display inside <lex> (mf(I/A)n. / ifc. f(A).) is genuine inflectional-form info of the headword | F09=no [->B] cf. Pan. Sch. is a comparative cross-ref (F16), not commentary"
G5-171,continuation,43057,kanInaka,"248,3","<L>43057<pc>248,3<k1>kanInaka<k2>kanI/naka<e>2A ¦ (<s>kanI/naka</s>), the pupil of the eye, <ls>VS.</ls>; <ls>ŚBr.</ls>; <ls>Suśr.</ls><info lex=""inh""/> <LEND>",,F01;F10;F12;F17,F01;F02;F10;F12;F17,F01;F02;F10;F12;F17,,,F02=yes [->B] (kanI/naka) re-displays the accented headword; in continuation records the display form structurally follows the initial separator
G5-172,crossref_phw,263036.66,himavadgirisaMSraya,"1299,1","<L>263036.66<pc>1299,1<k1>himavadgirisaMSraya<k2>hima—vad-giri—saMSraya<e>4 <s>hima—˚vad-giri—saMSraya</s> ¦ <lex>m.</lex>, ‘taking refuge in the <s1 n=""Himālaya"">Him˚</s1>’, <ab>N.</ab> of <s1>Śiva</s1><info phwparen...",,F01;F02;F04;F10;F15;F16;F17,F01;F02;F04;F10;F15;F17,F01;F02;F04;F10;F15;F17,,,F16=no [->B] only <info phwparent/phwchild=> machine relation present -> F17 per reviewer rule 3; no textual cross-ref marker (q.v./cf./id./See)
G5-173,hedge_ls,205212,vfzRi,"1013,2","<L>205212<pc>1013,2<k1>vfzRi<k2>vfzRi/<e>2A ¦ angry, passionate, <ls>L.</ls><info lex=""inh""/> <LEND>",,F01;F10;F13;F17,F01;F10;F12;F13;F17,F01;F10;F13;F17,,,"F12=no [->A] record's only citation is <ls>L.</ls> hedging the entry -> F13, not F12 (spec reviewer rule 4: 'other <ls> references remain F12')"
G5-174,random_residual,166178,mUkita,"825,3","<L>166178<pc>825,3<k1>mUkita<k2>mUkita<e>2 <s>mUkita</s> ¦ <lex>mfn.</lex> silenced, dumb, <ls>Nalac.</ls><info lex=""m:f:n""/> <LEND>",,F01;F02;F04;F10;F12;F17,F01;F02;F04;F10;F12;F17,F01;F02;F04;F10;F12;F17,,,
G5-175,continuation,81989.1,taTA,"433,3","<L>81989.1<pc>433,3<k1>taTA<k2>ta/-TA<e>2A ¦ yes, so be it, so it shall be (particle of assent, agreement, or promise; generally followed by <s>iti</s>), <ls>AV. iii, 4, 5</ls>; <ls>ŚBr.</ls>; <ls>AitBr.</ls> &c. (<s>...",,F01;F10;F12;F17,F01;F10;F12;F17,F01;F10;F12;F17,,,
G5-176,correction_edge,24802,Aptavya,"142,2","<L>24802<pc>142,2<k1>Aptavya<k2>Aptavya^<e>2 <s>Aptavya^</s> ¦ <lex>mfn.</lex> to be reached, obtainable, <ls>ŚBr.</ls> <info n=""rev"" pc=""1319,3""/><info lex=""m:f:n""/> <LEND>",,F01;F02;F04;F10;F12;F17,F01;F02;F04;F10;F12;F17,F01;F02;F04;F10;F12;F17,,,
G5-177,crossref_phw,48557,kAraRaDvaMsin,"274,2","<L>48557<pc>274,2<k1>kAraRaDvaMsin<k2>kAraRa—DvaMsin<e>3 <s>kAraRa—DvaMsin</s> ¦ <lex>mfn.</lex> <ab>id.</ab><info lex=""m:f:n""/> <LEND>",,F01;F02;F04;F10;F16;F17,F01;F02;F04;F10;F16;F17,F01;F02;F04;F10;F16;F17,,,
G5-178,hedge_ls,86183,tulyapAna,"451,3","<L>86183<pc>451,3<k1>tulyapAna<k2>tulya—pAna<e>3 <s>tulya—pAna</s> ¦ <lex>n.</lex> compotation, <ls>L.</ls><info lex=""n""/> <LEND>",,F01;F02;F04;F10;F13;F17,F01;F02;F04;F10;F12;F13;F17,F01;F02;F04;F10;F13;F17,,,"F12=no [->A] record's only citation is <ls>L.</ls> hedging the entry -> F13, not F12 (spec reviewer rule 4: 'other <ls> references remain F12')"
G5-179,random_residual,163604,mAla,"813,2","<L>163604<pc>813,2<k1>mAla<k2>mAla<e>1B ¦ a forest or wood near a village, <ls>L.</ls><info lex=""inh""/> <LEND>",,F01;F10;F13;F17,F01;F10;F12;F13;F17,F01;F10;F13;F17,,,"F12=no [->A] record's only citation is <ls>L.</ls> hedging the entry -> F13, not F12 (spec reviewer rule 4: 'other <ls> references remain F12')"
G5-180,kernel_common,70978,caRqavftti,"383,2","<L>70978<pc>383,2<k1>caRqavftti<k2>caRqa—vftti<e>3 <s>caRqa—vftti</s> ¦ <lex>mfn.</lex> ‘of an impetuous character’, obstinate, rebellious, <ls>Viddh. iv, 18/19.</ls><info lex=""m:f:n""/> <LEND>",,F01;F02;F04;F10;F12;F17,F01;F02;F04;F10;F12;F17,F01;F02;F04;F10;F12;F17,,,
G5-181,continuation,138635,praharaka,"701,1","<L>138635<pc>701,1<k1>praharaka<k2>pra-haraka<e>3A ¦ a period of about 3 hours, watch, <ls>Śiś.</ls> (<ab>cf.</ab> <s>arDa-praharikA</s>). <info lex=""inh""/> <LEND>",,F01;F09;F10;F12;F17,F01;F10;F12;F16;F17,F01;F10;F12;F16;F17,,,"F09=no [->B] cf./see is a cross-reference marker (F16 per paper SS1), not editorial commentary | F16=yes [->B] (cf. <s>arDa-praharikA</s>) textual cross-reference"
G5-182,kernel_common,13375,aByAKyAna,"77,1","<L>13375<pc>77,1<k1>aByAKyAna<k2>aBy-AKyAna<e>2 <s>aBy-AKyAna</s> ¦ <lex>n.</lex> a false or groundless accusation, calumny, <ls>Buddh.</ls>; <ls>Jain.</ls><info lex=""n""/> <LEND>",,F01;F02;F04;F10;F12;F17,F01;F02;F04;F10;F12;F17,F01;F02;F04;F10;F12;F17,,,
G5-183,root_verbal,227365,saMsvf,"1122,2","<L>227365<pc>1122,2<k1>saMsvf<k2>saM-svf<e>1 <s>saM-√ svf</s> ¦ <ab>P.</ab> <s>-svarati</s>, to sound or sing together, sing with one accord, praise in chorus, <ls>RV.</ls>; <ls>ŚrS.</ls> : <div n=""vp""/><ab>Caus.</ab>...",,F01;F02;F05;F06;F08;F09;F10;F12;F17,F01;F02;F05;F06;F08;F10;F12;F17,F01;F02;F05;F06;F08;F10;F12;F17,,,"F09=no [->B] <div n=""vp""/> introduces the Caus./Desid./Intens. paradigm section - grammatical structure, not editorial commentary"
G5-184,botanical_bio,89135,tvAzwrI,"464,1","<L>89135<pc>464,1<k1>tvAzwrI<k2>tvAzwrI<e>2B ¦ the asterism <s1>Citrā</s1>, <ls>L.</ls><info lex=""inh""/> <LEND>",,F01;F10;F13;F15;F17,F01;F10;F12;F13;F15;F17,F01;F10;F13;F15;F17,,,"F12=no [->A] record's only citation is <ls>L.</ls> hedging the entry -> F13, not F12 (spec reviewer rule 4: 'other <ls> references remain F12')"
G5-185,crossref_phw,203075,visramB,"1002,3","<L>203075<pc>1002,3<k1>visramB<k2>vi-sramB<e>1 <s>vi-√ sramB</s>, ¦ <s>vi-sramBa</s> &c. See <s>vi-√ SramB</s>, <pcol>p. 992, col. 1</pcol>.<info verb=""pre"" cp="""" parse=""vi+sramB""/> <LEND>",,F01;F02;F05;F06;F10;F16;F17,F01;F02;F06;F10;F16;F17,F01;F02;F06;F10;F16;F17,,,"F05=no [->B] pure See-reference record with no conjugation content; no print conjugation-class marker (cl./P./A.); Pass A fired on <info verb=>, which is F17 machine annotation per reviewer rule 3"
G5-186,root_verbal,197638,vipariRam,"973,3","<L>197638<pc>973,3<k1>vipariRam<k2>vi-pari-Ram<e>1 <s>vi-pari-Ram</s> ¦ (√ <s>nam</s>) <ab>Pass.</ab> <s>-Ramyate</s> to undergo change or alteration, be changed into (<ab>instr.</ab>), <ls>Pāṇ. iii, 1, 87</ls>, <ab>S...",,F01;F02;F05;F06;F08;F09;F10;F12;F17,F01;F02;F06;F08;F10;F12;F17,F01;F02;F06;F08;F10;F12;F17,,,"F05=no [->B] Pass./Caus. stem labels only, no primary class marker; no print conjugation-class marker (cl./P./A.); Pass A fired on <info verb=>, which is F17 machine annotation per reviewer rule 3 | F09=no [->B] <div n=""vp""/> introduces the Caus./Desid./Intens. paradigm section - grammatical structure, not editorial commentary"
G5-187,crossref_phw,45184,karpawin,"258,1","<L>45184<pc>258,1<k1>karpawin<k2>karpawin<e>2 <s>karpawin</s> ¦ <lex>mfn.</lex> <ab>id.</ab>, <ls>ib.</ls><info lex=""m:f:n""/> <LEND>",,F01;F02;F04;F10;F12;F16;F17,F01;F02;F04;F10;F12;F16;F17,F01;F02;F04;F10;F12;F16;F17,,,
G5-188,root_verbal,58231,kruD,"322,1","<L>58231<pc>322,1<k1>kruD<k2>kruD<h>1<e>1 <hom>1.</hom> <s>kruD</s> ¦ <ab>cl.</ab> 4. <ab>P.</ab> <s>kru/Dyati</s> (<lang>ep.</lang> rarely <ab>Ā.</ab> <s>˚te</s>, <ls>MBh. i, 5921</ls>; (see also <s>kruDyamAna</s>); ...",,F01;F02;F03;F05;F07;F08;F09;F10;F12;F17,F01;F02;F03;F05;F08;F10;F12;F16;F17,F01;F02;F03;F05;F08;F10;F12;F16;F17,,,"F07=no [->B] <lang>ep.</lang> is a register label (epic), not IE-cognate content (no <etym>/<gk>) | F09=no [->B] see-also is F16; the paradigm parentheses are grammar, not commentary | F16=yes [->B] (see also <s>kruDyamAna</s>) textual see-reference"
G5-189,continuation,56759,koSa,"314,1","<L>56759<pc>314,1<k1>koSa<k2>ko/Sa<e>1A ¦ the vulva, <ls>L.</ls><info lex=""inh""/> <LEND>",,F01;F10;F13;F17,F01;F10;F12;F13;F17,F01;F10;F13;F17,,,"F12=no [->A] record's only citation is <ls>L.</ls> hedging the entry -> F13, not F12 (spec reviewer rule 4: 'other <ls> references remain F12')"
G5-190,root_verbal,11818,aBipraRam,"65,3","<L>11818<pc>65,3<k1>aBipraRam<k2>aBi-pra-Ram<e>1 <s>aBi-pra-Ram</s> ¦ (√ <s>nam</s>) to bow before (<ab>dat.</ab> or <ab>acc.</ab>), <ls>MBh.</ls> &c.<info verb=""pre"" cp="""" parse=""aBi+pra+nam""/> <LEND>",,F01;F02;F05;F06;F10;F12;F17,F01;F02;F06;F10;F12;F17,F01;F02;F06;F10;F12;F17,,,"F05=no [->B] no print conjugation-class marker (cl./P./A.); Pass A fired on <info verb=>, which is F17 machine annotation per reviewer rule 3"
G5-191,continuation,97534,drapsa,"500,3","<L>97534<pc>500,3<k1>drapsa<k2>drapsa/<e>1A ¦ flag, banner, <ls n=""RV."">iv, 13, 2</ls><info lex=""inh""/> <LEND>",,F01;F10;F17,F01;F10;F12;F17,F01;F10;F12;F17,,,"F12=yes [->B] <ls n=""RV."">iv, 13, 2</ls> is a genuine RV source citation (work name in the n= attribute); Pass A's content-only check missed it"
G5-192,continuation,31955,utsava,"182,2","<L>31955<pc>182,2<k1>utsava<k2>ut-sava/<e>2A ¦ insolence, <ls>L.</ls><info lex=""inh""/> <LEND>",,F01;F10;F13;F17,F01;F10;F12;F13;F17,F01;F10;F13;F17,,,"F12=no [->A] record's only citation is <ls>L.</ls> hedging the entry -> F13, not F12 (spec reviewer rule 4: 'other <ls> references remain F12')"
G5-193,random_residual,16586,alabDa,"94,2","<L>16586<pc>94,2<k1>alabDa<k2>a-labDa<e>1 <s>a-labDa</s> ¦ <lex>mfn.</lex> unobtained.<info lex=""m:f:n""/> <LEND>",,F01;F02;F04;F10;F17,F01;F02;F04;F10;F17,F01;F02;F04;F10;F17,,,
G5-194,root_verbal,13628,aByupAkf,"79,1","<L>13628<pc>79,1<k1>aByupAkf<k2>aBy-upA-kf<e>1 <s>aBy-upA<srs/>-</s>√ <hom>1.</hom> <s>kf</s> ¦ to prepare or make preparations (for a sacred action See <s>upA<srs/>-</s> √ <hom>1.</hom> <s>kf</s>) with reference to (...",,F01;F02;F03;F05;F06;F08;F10;F12;F17,F01;F02;F03;F06;F10;F12;F16;F17,F01;F02;F03;F06;F10;F12;F16;F17,,,"F05=no [->B] no print conjugation-class marker (cl./P./A.); Pass A fired on <info verb=>, which is F17 machine annotation per reviewer rule 3 | F08=no [->B] extra <s> spans are the segmented headword itself (aBy-upA- root kf), not additional inflected forms | F16=yes [->B] 'See upA- root 1. kf' explicit see-reference"
G5-195,continuation,256708,sprazwavya,"1269,2","<L>256708<pc>1269,2<k1>sprazwavya<k2>sprazwavya<e>2A ¦ tangible, palpable, sensible, <ls>Vajracch.</ls><info lex=""inh""/> <LEND>",,F01;F10;F12;F17,F01;F10;F12;F17,F01;F10;F12;F17,,,
G5-196,kernel_common,150854,Binnavarcas,"757,2","<L>150854<pc>757,2<k1>Binnavarcas<k2>Binna—varcas<e>3 <s>Binna—varcas</s> ¦ <lex>mfn.</lex> voiding excrement, <ls>Suśr.</ls>; <ls>Car.</ls> (also <s>˚ska</s>)<info lex=""m:f:n""/> <LEND>",,F01;F02;F04;F10;F12;F17,F01;F02;F04;F08;F10;F12;F17,F01;F02;F04;F08;F10;F12;F17,,,F08=yes [->B] (also <s>0ska</s>) variant stem: additional <s> span(s) are genuine inflected/conjugated forms of the headword
G5-197,kernel_common,145435,bIjapraBava,"732,3","<L>145435<pc>732,3<k1>bIjapraBava<k2>bIja—praBa/va<e>3 <s>bIja—praBa/va</s> ¦ <lex>m.</lex> the power of the seed, <ls>Mn. x, 72.</ls><info lex=""m""/> <LEND>",,F01;F02;F04;F10;F12;F17,F01;F02;F04;F10;F12;F17,F01;F02;F04;F10;F12;F17,,,
G5-198,correction_edge,1730,aNgulisaMdeSa,"8,2","<L>1730<pc>8,2<k1>aNgulisaMdeSa<k2>aNguli—saMdeSa<e>3 <s>aNguli—saMdeSa</s> ¦ <chg type=""chg"" n=""1"" src=""mw""><old></old><new>(read <s>-saMdaMSa</s>)</new></chg> <lex>m.</lex> snapping or cracking the fingers as a sign...",,F01;F02;F04;F10;F17;F18,F01;F02;F04;F10;F17;F18,F01;F02;F04;F10;F17;F18,,,
G5-199,kernel_common,235455,samuddizwa,"1168,1","<L>235455<pc>1168,1<k1>samuddizwa<k2>sam-uddizwa<e>3 <s>sam-˚uddizwa</s> ¦ <lex>mfn.</lex> fully pointed out or declared or indicated, shown, explained, enumerated, particularized, <ls>Mn.</ls>; <ls>MBh.</ls> &c.<info...",,F01;F02;F04;F10;F12;F17,F01;F02;F04;F10;F12;F17,F01;F02;F04;F10;F12;F17,,,
G5-200,random_residual,87429,trapAraRqA,"457,1","<L>87429<pc>457,1<k1>trapAraRqA<k2>trapA—raRqA<e>3 <s>trapA—raRqA</s> ¦ <lex>f.</lex> a harlot, <ls>L.</ls><info lex=""f""/> <LEND>",,F01;F02;F04;F10;F13;F17,F01;F02;F04;F10;F12;F13;F17,F01;F02;F04;F10;F13;F17,,,"F12=no [->A] record's only citation is <ls>L.</ls> hedging the entry -> F13, not F12 (spec reviewer rule 4: 'other <ls> references remain F12')"
